{"0.0": {"precision": 0.20085470085470086, "recall": 1.0, "f1-score": 0.3345195729537367, "support": 47}, "0.125": {"precision": 0.0, "recall": 0.0, "f1-score": 0.0, "support": 0}, "0.25": {"precision": 0.0, "recall": 0.0, "f1-score": 0.0, "support": 22}, "0.375": {"precision": 0.0, "recall": 0.0, "f1-score": 0.0, "support": 0}, "0.5": {"precision": 0.14814814814814814, "recall": 0.058823529411764705, "f1-score": 0.08421052631578946, "support": 68}, "0.625": {"precision": 0.0, "recall": 0.0, "f1-score": 0.0, "support": 0}, "0.75": {"precision": 0.0, "recall": 0.0, "f1-score": 0.0, "support": 31}, "0.875": {"precision": 0.0, "recall": 0.0, "f1-score": 0.0, "support": 0}, "1.0": {"precision": 0.0, "recall": 0.0, "f1-score": 0.0, "support": 103}, "micro avg": {"precision": 0.1881918819188192, "recall": 0.1881918819188192, "f1-score": 0.1881918819188192, "support": 271}, "macro avg": {"precision": 0.03877809433364989, "recall": 0.11764705882352941, "f1-score": 0.04652556658550291, "support": 271}, "weighted avg": {"precision": 0.07200828418540595, "recall": 0.1881918819188192, "f1-score": 0.07914662626678712, "support": 271}}