{"0.0": {"precision": 0.13043478260869565, "recall": 0.9868421052631579, "f1-score": 0.2304147465437788, "support": 76}, "0.125": {"precision": 0.0, "recall": 0.0, "f1-score": 0.0, "support": 0}, "0.25": {"precision": 0.0, "recall": 0.0, "f1-score": 0.0, "support": 44}, "0.375": {"precision": 0.1111111111111111, "recall": 0.14285714285714285, "f1-score": 0.125, "support": 7}, "0.5": {"precision": 0.08771929824561403, "recall": 0.08064516129032258, "f1-score": 0.08403361344537816, "support": 124}, "0.625": {"precision": 0.0, "recall": 0.0, "f1-score": 0.0, "support": 6}, "0.75": {"precision": 0.2777777777777778, "recall": 0.046296296296296294, "f1-score": 0.07936507936507937, "support": 108}, "0.875": {"precision": 0.0, "recall": 0.0, "f1-score": 0.0, "support": 23}, "1.0": {"precision": 0.8666666666666667, "recall": 0.03117505995203837, "f1-score": 0.06018518518518519, "support": 417}, "micro avg": {"precision": 0.13248407643312102, "recall": 0.12919254658385093, "f1-score": 0.1308176100628931, "support": 805}, "macro avg": {"precision": 0.1637455151566517, "recall": 0.1430906406287731, "f1-score": 0.06433318050438017, "support": 805}, "weighted avg": {"precision": 0.5130037443956457, "recall": 0.12919254658385093, "f1-score": 0.07760911751329799, "support": 805}}