{"6": {"0.0": {"precision": 0.15384615384615385, "recall": 1.0, "f1-score": 0.2666666666666667, "support": 8}, "0.25": {"precision": 0.0, "recall": 0.0, "f1-score": 0.0, "support": 3}, "0.5": {"precision": 0.0, "recall": 0.0, "f1-score": 0.0, "support": 24}, "0.75": {"precision": 0.0, "recall": 0.0, "f1-score": 0.0, "support": 3}, "1.0": {"precision": 0.0, "recall": 0.0, "f1-score": 0.0, "support": 14}, "accuracy": 0.15384615384615385, "macro avg": {"precision": 0.03076923076923077, "recall": 0.2, "f1-score": 0.053333333333333344, "support": 52}, "weighted avg": {"precision": 0.02366863905325444, "recall": 0.15384615384615385, "f1-score": 0.04102564102564103, "support": 52}}, "7": {"0.0": {"precision": 0.04878048780487805, "recall": 1.0, "f1-score": 0.09302325581395349, "support": 2}, "0.25": {"precision": 0.0, "recall": 0.0, "f1-score": 0.0, "support": 1}, "0.5": {"precision": 0.0, "recall": 0.0, "f1-score": 0.0, "support": 8}, "0.75": {"precision": 0.0, "recall": 0.0, "f1-score": 0.0, "support": 10}, "1.0": {"precision": 0.0, "recall": 0.0, "f1-score": 0.0, "support": 20}, "accuracy": 0.04878048780487805, "macro avg": {"precision": 0.00975609756097561, "recall": 0.2, "f1-score": 0.018604651162790697, "support": 41}, "weighted avg": {"precision": 0.002379535990481856, "recall": 0.04878048780487805, "f1-score": 0.0045377197958026095, "support": 41}}, "4": {"0.0": {"precision": 0.22857142857142856, "recall": 1.0, "f1-score": 0.3720930232558139, "support": 8}, "0.5": {"precision": 0.16666666666666666, "recall": 0.5, "f1-score": 0.25, "support": 2}, "1.0": {"precision": 0.0, "recall": 0.0, "f1-score": 0.0, "support": 31}, "accuracy": 0.21951219512195122, "macro avg": {"precision": 0.13174603174603175, "recall": 0.5, "f1-score": 0.20736434108527133, "support": 41}, "weighted avg": {"precision": 0.052729384436701505, "recall": 0.21951219512195122, "f1-score": 0.08479863868406125, "support": 41}}, "1": {"0.0": {"precision": 0.05128205128205128, "recall": 1.0, "f1-score": 0.09756097560975609, "support": 2}, "0.25": {"precision": 0.0, "recall": 0.0, "f1-score": 0.0, "support": 10}, "0.5": {"precision": 0.0, "recall": 0.0, "f1-score": 0.0, "support": 18}, "0.75": {"precision": 0.0, "recall": 0.0, "f1-score": 0.0, "support": 10}, "1.0": {"precision": 0.0, "recall": 0.0, "f1-score": 0.0, "support": 4}, "accuracy": 0.045454545454545456, "macro avg": {"precision": 0.010256410256410256, "recall": 0.2, "f1-score": 0.019512195121951216, "support": 44}, "weighted avg": {"precision": 0.002331002331002331, "recall": 0.045454545454545456, "f1-score": 0.004434589800443458, "support": 44}}, "3": {"0.0": {"precision": 0.4, "recall": 1.0, "f1-score": 0.5714285714285715, "support": 16}, "0.25": {"precision": 0.0, "recall": 0.0, "f1-score": 0.0, "support": 7}, "0.5": {"precision": 0.3333333333333333, "recall": 0.23076923076923078, "f1-score": 0.27272727272727276, "support": 13}, "0.75": {"precision": 0.0, "recall": 0.0, "f1-score": 0.0, "support": 7}, "1.0": {"precision": 0.0, "recall": 0.0, "f1-score": 0.0, "support": 11}, "accuracy": 0.35185185185185186, "macro avg": {"precision": 0.14666666666666667, "recall": 0.24615384615384617, "f1-score": 0.16883116883116886, "support": 54}, "weighted avg": {"precision": 0.19876543209876546, "recall": 0.35185185185185186, "f1-score": 0.234968734968735, "support": 54}}, "8": {"0.0": {"precision": 0.4074074074074074, "recall": 1.0, "f1-score": 0.5789473684210525, "support": 11}, "0.25": {"precision": 0.0, "recall": 0.0, "f1-score": 0.0, "support": 1}, "0.5": {"precision": 0.0, "recall": 0.0, "f1-score": 0.0, "support": 3}, "0.75": {"precision": 0.0, "recall": 0.0, "f1-score": 0.0, "support": 1}, "1.0": {"precision": 0.0, "recall": 0.0, "f1-score": 0.0, "support": 23}, "accuracy": 0.28205128205128205, "macro avg": {"precision": 0.08148148148148147, "recall": 0.2, "f1-score": 0.11578947368421051, "support": 39}, "weighted avg": {"precision": 0.11490978157644822, "recall": 0.28205128205128205, "f1-score": 0.16329284750337378, "support": 39}}}