{"0.0": {"precision": 0.13865546218487396, "recall": 0.9705882352941176, "f1-score": 0.24264705882352938, "support": 68}, "0.125": {"precision": 0.0, "recall": 0.0, "f1-score": 0.0, "support": 0}, "0.25": {"precision": 0.021739130434782608, "recall": 0.03333333333333333, "f1-score": 0.026315789473684213, "support": 30}, "0.375": {"precision": 0.16666666666666666, "recall": 0.14285714285714285, "f1-score": 0.15384615384615383, "support": 7}, "0.5": {"precision": 0.09876543209876543, "recall": 0.08163265306122448, "f1-score": 0.0893854748603352, "support": 98}, "0.625": {"precision": 0.0, "recall": 0.0, "f1-score": 0.0, "support": 6}, "0.75": {"precision": 0.45454545454545453, "recall": 0.0684931506849315, "f1-score": 0.11904761904761904, "support": 73}, "0.875": {"precision": 0.0, "recall": 0.0, "f1-score": 0.0, "support": 21}, "1.0": {"precision": 1.0, "recall": 0.03498542274052478, "f1-score": 0.0676056338028169, "support": 343}, "micro avg": {"precision": 0.14645669291338584, "recall": 0.14396284829721362, "f1-score": 0.14519906323185014, "support": 646}, "macro avg": {"precision": 0.208930238436727, "recall": 0.14798777088569717, "f1-score": 0.07764974776157095, "support": 646}, "weighted avg": {"precision": 0.6147186416962519, "recall": 0.14396284829721362, "f1-score": 0.09133960043697961, "support": 646}}