{"0.0": {"precision": 0.09012875536480687, "recall": 1.0, "f1-score": 0.16535433070866143, "support": 21}, "0.125": {"precision": 0.0, "recall": 0.0, "f1-score": 0.0, "support": 0}, "0.25": {"precision": 0.0, "recall": 0.0, "f1-score": 0.0, "support": 8}, "0.375": {"precision": 0.2, "recall": 0.14285714285714285, "f1-score": 0.16666666666666666, "support": 7}, "0.5": {"precision": 0.057692307692307696, "recall": 0.1, "f1-score": 0.07317073170731708, "support": 30}, "0.625": {"precision": 0.0, "recall": 0.0, "f1-score": 0.0, "support": 6}, "0.75": {"precision": 0.1875, "recall": 0.07142857142857142, "f1-score": 0.10344827586206898, "support": 42}, "0.875": {"precision": 0.0, "recall": 0.0, "f1-score": 0.0, "support": 21}, "1.0": {"precision": 1.0, "recall": 0.04583333333333333, "f1-score": 0.08764940239043824, "support": 240}, "micro avg": {"precision": 0.10955056179775281, "recall": 0.104, "f1-score": 0.106703146374829, "support": 375}, "macro avg": {"precision": 0.1705912292285683, "recall": 0.15112433862433863, "f1-score": 0.06625437859279472, "support": 375}, "weighted avg": {"precision": 0.6743959282491471, "recall": 0.104, "f1-score": 0.08590643659381372, "support": 375}}