{"6": {"CORRECT": {"precision": 0.0, "recall": 0.0, "f1-score": 0.0, "support": 14}, "INCORRECT": {"precision": 0.15384615384615385, "recall": 1.0, "f1-score": 0.2666666666666667, "support": 8}, "PARTIAL_CORRECT": {"precision": 0.0, "recall": 0.0, "f1-score": 0.0, "support": 30}, "accuracy": 0.15384615384615385, "macro avg": {"precision": 0.05128205128205129, "recall": 0.3333333333333333, "f1-score": 0.0888888888888889, "support": 52}, "weighted avg": {"precision": 0.02366863905325444, "recall": 0.15384615384615385, "f1-score": 0.04102564102564103, "support": 52}}, "7": {"CORRECT": {"precision": 0.0, "recall": 0.0, "f1-score": 0.0, "support": 20}, "INCORRECT": {"precision": 0.04878048780487805, "recall": 1.0, "f1-score": 0.09302325581395349, "support": 2}, "PARTIAL_CORRECT": {"precision": 0.0, "recall": 0.0, "f1-score": 0.0, "support": 19}, "accuracy": 0.04878048780487805, "macro avg": {"precision": 0.016260162601626018, "recall": 0.3333333333333333, "f1-score": 0.031007751937984496, "support": 41}, "weighted avg": {"precision": 0.002379535990481856, "recall": 0.04878048780487805, "f1-score": 0.0045377197958026095, "support": 41}}, "4": {"CORRECT": {"precision": 0.0, "recall": 0.0, "f1-score": 0.0, "support": 31}, "INCORRECT": {"precision": 0.22857142857142856, "recall": 1.0, "f1-score": 0.3720930232558139, "support": 8}, "PARTIAL_CORRECT": {"precision": 0.16666666666666666, "recall": 0.5, "f1-score": 0.25, "support": 2}, "accuracy": 0.21951219512195122, "macro avg": {"precision": 0.13174603174603175, "recall": 0.5, "f1-score": 0.20736434108527133, "support": 41}, "weighted avg": {"precision": 0.052729384436701505, "recall": 0.21951219512195122, "f1-score": 0.08479863868406125, "support": 41}}, "1": {"CORRECT": {"precision": 0.0, "recall": 0.0, "f1-score": 0.0, "support": 4}, "INCORRECT": {"precision": 0.05128205128205128, "recall": 1.0, "f1-score": 0.09756097560975609, "support": 2}, "PARTIAL_CORRECT": {"precision": 0.4, "recall": 0.05263157894736842, "f1-score": 0.09302325581395349, "support": 38}, "accuracy": 0.09090909090909091, "macro avg": {"precision": 0.15042735042735042, "recall": 0.3508771929824561, "f1-score": 0.06352807714123652, "support": 44}, "weighted avg": {"precision": 0.3477855477855478, "recall": 0.09090909090909091, "f1-score": 0.08477285618522147, "support": 44}}, "3": {"CORRECT": {"precision": 0.0, "recall": 0.0, "f1-score": 0.0, "support": 11}, "INCORRECT": {"precision": 0.4, "recall": 1.0, "f1-score": 0.5714285714285715, "support": 16}, "PARTIAL_CORRECT": {"precision": 0.5714285714285714, "recall": 0.2962962962962963, "f1-score": 0.3902439024390244, "support": 27}, "accuracy": 0.4444444444444444, "macro avg": {"precision": 0.3238095238095238, "recall": 0.43209876543209874, "f1-score": 0.32055749128919864, "support": 54}, "weighted avg": {"precision": 0.4042328042328042, "recall": 0.4444444444444444, "f1-score": 0.36443412053168156, "support": 54}}, "8": {"CORRECT": {"precision": 0.0, "recall": 0.0, "f1-score": 0.0, "support": 23}, "INCORRECT": {"precision": 0.4074074074074074, "recall": 1.0, "f1-score": 0.5789473684210525, "support": 11}, "PARTIAL_CORRECT": {"precision": 0.0, "recall": 0.0, "f1-score": 0.0, "support": 5}, "accuracy": 0.28205128205128205, "macro avg": {"precision": 0.13580246913580246, "recall": 0.3333333333333333, "f1-score": 0.19298245614035084, "support": 39}, "weighted avg": {"precision": 0.11490978157644822, "recall": 0.28205128205128205, "f1-score": 0.16329284750337378, "support": 39}}}