{"CORRECT": {"precision": 0.9, "recall": 0.1125, "f1-score": 0.2, "support": 240}, "PARTIAL_CORRECT": {"precision": 0.33035714285714285, "recall": 0.32456140350877194, "f1-score": 0.3274336283185841, "support": 114}, "INCORRECT": {"precision": 0.09012875536480687, "recall": 1.0, "f1-score": 0.16535433070866143, "support": 21}, "accuracy": 0.22666666666666666, "macro avg": {"precision": 0.4401619660739833, "recall": 0.4790204678362573, "f1-score": 0.2309293196757485, "support": 375}, "weighted avg": {"precision": 0.6814757817290006, "recall": 0.22666666666666666, "f1-score": 0.23679966552853463, "support": 375}}