{"CORRECT": {"precision": 0.8285714285714286, "recall": 0.06937799043062201, "f1-score": 0.1280353200883002, "support": 418}, "PARTIAL_CORRECT": {"precision": 0.3230769230769231, "recall": 0.20257234726688103, "f1-score": 0.2490118577075099, "support": 311}, "INCORRECT": {"precision": 0.13043478260869565, "recall": 0.9868421052631579, "f1-score": 0.2304147465437788, "support": 76}, "accuracy": 0.20745341614906831, "macro avg": {"precision": 0.4273610447523491, "recall": 0.419597480986887, "f1-score": 0.2024873081131963, "support": 805}, "weighted avg": {"precision": 0.5673699673267592, "recall": 0.20745341614906831, "f1-score": 0.184438474883568, "support": 805}}