{"5.12": {"CORRECT": {"precision": 1.0, "recall": 0.25, "f1-score": 0.4, "support": 12}, "INCORRECT": {"precision": 0.0, "recall": 0.0, "f1-score": 0.0, "support": 0}, "PARTIAL_CORRECT": {"precision": 0.0, "recall": 0.0, "f1-score": 0.0, "support": 0}, "accuracy": 0.25, "macro avg": {"precision": 0.3333333333333333, "recall": 0.08333333333333333, "f1-score": 0.13333333333333333, "support": 12}, "weighted avg": {"precision": 1.0, "recall": 0.25, "f1-score": 0.4000000000000001, "support": 12}}, "6": {"CORRECT": {"precision": 0.0, "recall": 0.0, "f1-score": 0.0, "support": 14}, "INCORRECT": {"precision": 0.15384615384615385, "recall": 1.0, "f1-score": 0.2666666666666667, "support": 8}, "PARTIAL_CORRECT": {"precision": 0.0, "recall": 0.0, "f1-score": 0.0, "support": 30}, "accuracy": 0.15384615384615385, "macro avg": {"precision": 0.05128205128205129, "recall": 0.3333333333333333, "f1-score": 0.0888888888888889, "support": 52}, "weighted avg": {"precision": 0.02366863905325444, "recall": 0.15384615384615385, "f1-score": 0.04102564102564103, "support": 52}}, "7": {"CORRECT": {"precision": 0.0, "recall": 0.0, "f1-score": 0.0, "support": 20}, "INCORRECT": {"precision": 0.04878048780487805, "recall": 1.0, "f1-score": 0.09302325581395349, "support": 2}, "PARTIAL_CORRECT": {"precision": 0.0, "recall": 0.0, "f1-score": 0.0, "support": 19}, "accuracy": 0.04878048780487805, "macro avg": {"precision": 0.016260162601626018, "recall": 0.3333333333333333, "f1-score": 0.031007751937984496, "support": 41}, "weighted avg": {"precision": 0.002379535990481856, "recall": 0.04878048780487805, "f1-score": 0.0045377197958026095, "support": 41}}, "5.11": {"CORRECT": {"precision": 0.0, "recall": 0.0, "f1-score": 0.0, "support": 22.0}, "INCORRECT": {"precision": 0.0, "recall": 0.0, "f1-score": 0.0, "support": 0.0}, "PARTIAL_CORRECT": {"precision": 0.0, "recall": 0.0, "f1-score": 0.0, "support": 1.0}, "accuracy": 0.0, "macro avg": {"precision": 0.0, "recall": 0.0, "f1-score": 0.0, "support": 23.0}, "weighted avg": {"precision": 0.0, "recall": 0.0, "f1-score": 0.0, "support": 23.0}}, "4": {"CORRECT": {"precision": 0.0, "recall": 0.0, "f1-score": 0.0, "support": 31}, "INCORRECT": {"precision": 0.24242424242424243, "recall": 1.0, "f1-score": 0.3902439024390244, "support": 8}, "PARTIAL_CORRECT": {"precision": 0.125, "recall": 0.5, "f1-score": 0.2, "support": 2}, "accuracy": 0.21951219512195122, "macro avg": {"precision": 0.12247474747474747, "recall": 0.5, "f1-score": 0.19674796747967482, "support": 41}, "weighted avg": {"precision": 0.053399852180339984, "recall": 0.21951219512195122, "f1-score": 0.085901249256395, "support": 41}}, "4.3_LM": {"CORRECT": {"precision": 0.0, "recall": 0.0, "f1-score": 0.0, "support": 9.0}, "INCORRECT": {"precision": 0.0, "recall": 0.0, "f1-score": 0.0, "support": 0.0}, "PARTIAL_CORRECT": {"precision": 0.0, "recall": 0.0, "f1-score": 0.0, "support": 1.0}, "accuracy": 0.0, "macro avg": {"precision": 0.0, "recall": 0.0, "f1-score": 0.0, "support": 10.0}, "weighted avg": {"precision": 0.0, "recall": 0.0, "f1-score": 0.0, "support": 10.0}}, "1": {"CORRECT": {"precision": 0.0, "recall": 0.0, "f1-score": 0.0, "support": 4}, "INCORRECT": {"precision": 0.05, "recall": 1.0, "f1-score": 0.09523809523809523, "support": 2}, "PARTIAL_CORRECT": {"precision": 0.5, "recall": 0.05263157894736842, "f1-score": 0.09523809523809525, "support": 38}, "accuracy": 0.09090909090909091, "macro avg": {"precision": 0.18333333333333335, "recall": 0.3508771929824561, "f1-score": 0.06349206349206349, "support": 44}, "weighted avg": {"precision": 0.43409090909090914, "recall": 0.09090909090909091, "f1-score": 0.08658008658008659, "support": 44}}, "12.2_PE": {"CORRECT": {"precision": 0.0, "recall": 0.0, "f1-score": 0.0, "support": 4}, "INCORRECT": {"precision": 0.4, "recall": 1.0, "f1-score": 0.5714285714285715, "support": 4}, "PARTIAL_CORRECT": {"precision": 0.0, "recall": 0.0, "f1-score": 0.0, "support": 2}, "accuracy": 0.4, "macro avg": {"precision": 0.13333333333333333, "recall": 0.3333333333333333, "f1-score": 0.1904761904761905, "support": 10}, "weighted avg": {"precision": 0.16, "recall": 0.4, "f1-score": 0.2285714285714286, "support": 10}}, "3": {"CORRECT": {"precision": 0.0, "recall": 0.0, "f1-score": 0.0, "support": 11}, "INCORRECT": {"precision": 0.35555555555555557, "recall": 1.0, "f1-score": 0.5245901639344263, "support": 16}, "PARTIAL_CORRECT": {"precision": 0.6666666666666666, "recall": 0.2222222222222222, "f1-score": 0.3333333333333333, "support": 27}, "accuracy": 0.4074074074074074, "macro avg": {"precision": 0.34074074074074073, "recall": 0.40740740740740744, "f1-score": 0.2859744990892532, "support": 54}, "weighted avg": {"precision": 0.4386831275720165, "recall": 0.4074074074074074, "f1-score": 0.3221007893139041, "support": 54}}, "10.2_TC": {"CORRECT": {"precision": 0.0, "recall": 0.0, "f1-score": 0.0, "support": 2}, "INCORRECT": {"precision": 0.0, "recall": 0.0, "f1-score": 0.0, "support": 0}, "PARTIAL_CORRECT": {"precision": 0.8, "recall": 0.4444444444444444, "f1-score": 0.5714285714285714, "support": 9}, "accuracy": 0.36363636363636365, "macro avg": {"precision": 0.26666666666666666, "recall": 0.14814814814814814, "f1-score": 0.19047619047619047, "support": 11}, "weighted avg": {"precision": 0.6545454545454545, "recall": 0.36363636363636365, "f1-score": 0.46753246753246747, "support": 11}}, "2.1_DLL_v1.1": {"CORRECT": {"precision": 0.0, "recall": 0.0, "f1-score": 0.0, "support": 15.0}, "INCORRECT": {"precision": 0.0, "recall": 0.0, "f1-score": 0.0, "support": 0.0}, "PARTIAL_CORRECT": {"precision": 0.0, "recall": 0.0, "f1-score": 0.0, "support": 0.0}, "accuracy": 0.0, "macro avg": {"precision": 0.0, "recall": 0.0, "f1-score": 0.0, "support": 15.0}, "weighted avg": {"precision": 0.0, "recall": 0.0, "f1-score": 0.0, "support": 15.0}}, "8.3_MM": {"CORRECT": {"precision": 0.0, "recall": 0.0, "f1-score": 0.0, "support": 3.0}, "INCORRECT": {"precision": 0.0, "recall": 0.0, "f1-score": 0.0, "support": 0.0}, "PARTIAL_CORRECT": {"precision": 0.0, "recall": 0.0, "f1-score": 0.0, "support": 7.0}, "accuracy": 0.0, "macro avg": {"precision": 0.0, "recall": 0.0, "f1-score": 0.0, "support": 10.0}, "weighted avg": {"precision": 0.0, "recall": 0.0, "f1-score": 0.0, "support": 10.0}}, "8.1_MM": {"CORRECT": {"precision": 0.0, "recall": 0.0, "f1-score": 0.0, "support": 11}, "INCORRECT": {"precision": 0.1111111111111111, "recall": 1.0, "f1-score": 0.19999999999999998, "support": 1}, "PARTIAL_CORRECT": {"precision": 0.14285714285714285, "recall": 0.25, "f1-score": 0.18181818181818182, "support": 4}, "accuracy": 0.125, "macro avg": {"precision": 0.08465608465608465, "recall": 0.4166666666666667, "f1-score": 0.1272727272727273, "support": 16}, "weighted avg": {"precision": 0.04265873015873016, "recall": 0.125, "f1-score": 0.05795454545454545, "support": 16}}, "4.1_LM_v1.0": {"CORRECT": {"precision": 0.0, "recall": 0.0, "f1-score": 0.0, "support": 16.0}, "INCORRECT": {"precision": 0.0, "recall": 0.0, "f1-score": 0.0, "support": 0.0}, "PARTIAL_CORRECT": {"precision": 0.0, "recall": 0.0, "f1-score": 0.0, "support": 0.0}, "accuracy": 0.0, "macro avg": {"precision": 0.0, "recall": 0.0, "f1-score": 0.0, "support": 16.0}, "weighted avg": {"precision": 0.0, "recall": 0.0, "f1-score": 0.0, "support": 16.0}}, "6.3": {"CORRECT": {"precision": 0.0, "recall": 0.0, "f1-score": 0.0, "support": 2}, "INCORRECT": {"precision": 0.0, "recall": 0.0, "f1-score": 0.0, "support": 0}, "PARTIAL_CORRECT": {"precision": 0.9166666666666666, "recall": 0.5, "f1-score": 0.6470588235294118, "support": 22}, "accuracy": 0.4583333333333333, "macro avg": {"precision": 0.3055555555555555, "recall": 0.16666666666666666, "f1-score": 0.21568627450980393, "support": 24}, "weighted avg": {"precision": 0.8402777777777777, "recall": 0.4583333333333333, "f1-score": 0.5931372549019608, "support": 24}}, "2.4": {"CORRECT": {"precision": 0.5, "recall": 0.18181818181818182, "f1-score": 0.26666666666666666, "support": 11},