{"CORRECT": {"precision": 0.8695652173913043, "recall": 0.05830903790087463, "f1-score": 0.1092896174863388, "support": 343}, "PARTIAL_CORRECT": {"precision": 0.35374149659863946, "recall": 0.22127659574468084, "f1-score": 0.2722513089005235, "support": 235}, "INCORRECT": {"precision": 0.13865546218487396, "recall": 0.9705882352941176, "f1-score": 0.24264705882352938, "support": 68}, "accuracy": 0.21362229102167182, "macro avg": {"precision": 0.4539873920582726, "recall": 0.41672462297989105, "f1-score": 0.20806266173679724, "support": 646}, "weighted avg": {"precision": 0.6049824964310666, "recall": 0.21362229102167182, "f1-score": 0.18260897273906693, "support": 646}}