{"CORRECT": {"precision": 0.0, "recall": 0.0, "f1-score": 0.0, "support": 103}, "PARTIAL_CORRECT": {"precision": 0.2972972972972973, "recall": 0.09090909090909091, "f1-score": 0.13924050632911394, "support": 121}, "INCORRECT": {"precision": 0.20085470085470086, "recall": 1.0, "f1-score": 0.3345195729537367, "support": 47}, "accuracy": 0.2140221402214022, "macro avg": {"precision": 0.16605066605066607, "recall": 0.3636363636363636, "f1-score": 0.15792002642761688, "support": 271}, "weighted avg": {"precision": 0.16757617680126904, "recall": 0.2140221402214022, "f1-score": 0.12018642507250338, "support": 271}}