{"6": {"0.0": {"precision": 0.15384615384615385, "recall": 1.0, "f1-score": 0.2666666666666667, "support": 8}, "0.25": {"precision": 0.0, "recall": 0.0, "f1-score": 0.0, "support": 3}, "0.5": {"precision": 0.0, "recall": 0.0, "f1-score": 0.0, "support": 24}, "0.75": {"precision": 0.0, "recall": 0.0, "f1-score": 0.0, "support": 3}, "1.0": {"precision": 0.0, "recall": 0.0, "f1-score": 0.0, "support": 14}, "accuracy": 0.15384615384615385, "macro avg": {"precision": 0.03076923076923077, "recall": 0.2, "f1-score": 0.053333333333333344, "support": 52}, "weighted avg": {"precision": 0.02366863905325444, "recall": 0.15384615384615385, "f1-score": 0.04102564102564103, "support": 52}}, "7": {"0.0": {"precision": 0.04878048780487805, "recall": 1.0, "f1-score": 0.09302325581395349, "support": 2}, "0.25": {"precision": 0.0, "recall": 0.0, "f1-score": 0.0, "support": 1}, "0.5": {"precision": 0.0, "recall": 0.0, "f1-score": 0.0, "support": 8}, "0.75": {"precision": 0.0, "recall": 0.0, "f1-score": 0.0, "support": 10}, "1.0": {"precision": 0.0, "recall": 0.0, "f1-score": 0.0, "support": 20}, "accuracy": 0.04878048780487805, "macro avg": {"precision": 0.00975609756097561, "recall": 0.2, "f1-score": 0.018604651162790697, "support": 41}, "weighted avg": {"precision": 0.002379535990481856, "recall": 0.04878048780487805, "f1-score": 0.0045377197958026095, "support": 41}}, "4": {"0.0": {"precision": 0.25, "recall": 1.0, "f1-score": 0.4, "support": 8}, "0.5": {"precision": 0.0, "recall": 0.0, "f1-score": 0.0, "support": 2}, "1.0": {"precision": 0.0, "recall": 0.0, "f1-score": 0.0, "support": 31}, "accuracy": 0.1951219512195122, "macro avg": {"precision": 0.08333333333333333, "recall": 0.3333333333333333, "f1-score": 0.13333333333333333, "support": 41}, "weighted avg": {"precision": 0.04878048780487805, "recall": 0.1951219512195122, "f1-score": 0.07804878048780488, "support": 41}}, "1": {"0.0": {"precision": 0.05263157894736842, "recall": 1.0, "f1-score": 0.1, "support": 2}, "0.25": {"precision": 0.0, "recall": 0.0, "f1-score": 0.0, "support": 10}, "0.5": {"precision": 1.0, "recall": 0.05555555555555555, "f1-score": 0.10526315789473684, "support": 18}, "0.75": {"precision": 0.0, "recall": 0.0, "f1-score": 0.0, "support": 10}, "1.0": {"precision": 0.0, "recall": 0.0, "f1-score": 0.0, "support": 4}, "accuracy": 0.06818181818181818, "macro avg": {"precision": 0.21052631578947367, "recall": 0.2111111111111111, "f1-score": 0.04105263157894737, "support": 44}, "weighted avg": {"precision": 0.41148325358851673, "recall": 0.06818181818181818, "f1-score": 0.04760765550239234, "support": 44}}, "3": {"0.0": {"precision": 0.38095238095238093, "recall": 1.0, "f1-score": 0.5517241379310345, "support": 16}, "0.25": {"precision": 0.0, "recall": 0.0, "f1-score": 0.0, "support": 7}, "0.5": {"precision": 0.3333333333333333, "recall": 0.23076923076923078, "f1-score": 0.27272727272727276, "support": 13}, "0.75": {"precision": 0.6666666666666666, "recall": 0.2857142857142857, "f1-score": 0.4, "support": 7}, "1.0": {"precision": 0.0, "recall": 0.0, "f1-score": 0.0, "support": 11}, "accuracy": 0.3888888888888889, "macro avg": {"precision": 0.2761904761904762, "recall": 0.3032967032967033, "f1-score": 0.24489028213166142, "support": 54}, "weighted avg": {"precision": 0.27954144620811283, "recall": 0.3888888888888889, "f1-score": 0.28098223615464996, "support": 54}}, "8": {"0.0": {"precision": 0.39285714285714285, "recall": 1.0, "f1-score": 0.5641025641025641, "support": 11}, "0.25": {"precision": 0.0, "recall": 0.0, "f1-score": 0.0, "support": 1}, "0.5": {"precision": 0.0, "recall": 0.0, "f1-score": 0.0, "support": 3}, "0.75": {"precision": 0.0, "recall": 0.0, "f1-score": 0.0, "support": 1}, "1.0": {"precision": 0.0, "recall": 0.0, "f1-score": 0.0, "support": 23}, "accuracy": 0.28205128205128205, "macro avg": {"precision": 0.07857142857142857, "recall": 0.2, "f1-score": 0.11282051282051282, "support": 39}, "weighted avg": {"precision": 0.1108058608058608, "recall": 0.28205128205128205, "f1-score": 0.15910585141354372, "support": 39}}}