{"0.0": {"precision": 0.06912442396313365, "recall": 0.7142857142857143, "f1-score": 0.12605042016806725, "support": 21}, "0.125": {"precision": 0.0, "recall": 0.0, "f1-score": 0.0, "support": 0}, "0.25": {"precision": 0.02564102564102564, "recall": 0.125, "f1-score": 0.0425531914893617, "support": 8}, "0.375": {"precision": 0.0, "recall": 0.0, "f1-score": 0.0, "support": 7}, "0.5": {"precision": 0.04918032786885246, "recall": 0.1, "f1-score": 0.06593406593406594, "support": 30}, "0.625": {"precision": 0.0, "recall": 0.0, "f1-score": 0.0, "support": 6}, "0.75": {"precision": 0.18181818181818182, "recall": 0.047619047619047616, "f1-score": 0.07547169811320754, "support": 42}, "0.875": {"precision": 0.0, "recall": 0.0, "f1-score": 0.0, "support": 21}, "1.0": {"precision": 0.7692307692307693, "recall": 0.041666666666666664, "f1-score": 0.07905138339920947, "support": 240}, "micro avg": {"precision": 0.08857142857142856, "recall": 0.08266666666666667, "f1-score": 0.08551724137931033, "support": 375}, "macro avg": {"precision": 0.12166608094688475, "recall": 0.1142857142857143, "f1-score": 0.04322897323376799, "support": 375}, "weighted avg": {"precision": 0.521023731189781, "recall": 0.08266666666666667, "f1-score": 0.07228706578675005, "support": 375}}