{"0.0": {"precision": 0.2017167381974249, "recall": 1.0, "f1-score": 0.3357142857142857, "support": 47}, "0.125": {"precision": 0.0, "recall": 0.0, "f1-score": 0.0, "support": 0}, "0.25": {"precision": 0.0, "recall": 0.0, "f1-score": 0.0, "support": 22}, "0.375": {"precision": 0.0, "recall": 0.0, "f1-score": 0.0, "support": 0}, "0.5": {"precision": 0.13333333333333333, "recall": 0.058823529411764705, "f1-score": 0.0816326530612245, "support": 68}, "0.625": {"precision": 0.0, "recall": 0.0, "f1-score": 0.0, "support": 0}, "0.75": {"precision": 0.6666666666666666, "recall": 0.06451612903225806, "f1-score": 0.1176470588235294, "support": 31}, "0.875": {"precision": 0.0, "recall": 0.0, "f1-score": 0.0, "support": 0}, "1.0": {"precision": 0.0, "recall": 0.0, "f1-score": 0.0, "support": 103}, "micro avg": {"precision": 0.19557195571955718, "recall": 0.19557195571955718, "f1-score": 0.19557195571955718, "support": 271}, "macro avg": {"precision": 0.11130185979971387, "recall": 0.12481551760489142, "f1-score": 0.05944377751100441, "support": 271}, "weighted avg": {"precision": 0.14470118091738854, "recall": 0.19557195571955718, "f1-score": 0.09216476258400039, "support": 271}}