{"0.0": {"precision": 0.1403118040089087, "recall": 0.9264705882352942, "f1-score": 0.2437137330754352, "support": 68}, "0.125": {"precision": 0.0, "recall": 0.0, "f1-score": 0.0, "support": 0}, "0.25": {"precision": 0.0425531914893617, "recall": 0.06666666666666667, "f1-score": 0.051948051948051945, "support": 30}, "0.375": {"precision": 0.0, "recall": 0.0, "f1-score": 0.0, "support": 7}, "0.5": {"precision": 0.11764705882352941, "recall": 0.10204081632653061, "f1-score": 0.10928961748633881, "support": 98}, "0.625": {"precision": 0.0, "recall": 0.0, "f1-score": 0.0, "support": 6}, "0.75": {"precision": 0.46153846153846156, "recall": 0.0821917808219178, "f1-score": 0.13953488372093023, "support": 73}, "0.875": {"precision": 0.0, "recall": 0.0, "f1-score": 0.0, "support": 21}, "1.0": {"precision": 0.7777777777777778, "recall": 0.04081632653061224, "f1-score": 0.07756232686980609, "support": 343}, "micro avg": {"precision": 0.1527331189710611, "recall": 0.14705882352941177, "f1-score": 0.1498422712933754, "support": 646}, "macro avg": {"precision": 0.1710920326264488, "recall": 0.13535401984233572, "f1-score": 0.06911651256672915, "support": 646}, "weighted avg": {"precision": 0.49971717593200926, "recall": 0.14705882352941177, "f1-score": 0.10159641261486647, "support": 646}}