{"0.0": {"precision": 0.13246268656716417, "recall": 0.9342105263157895, "f1-score": 0.23202614379084965, "support": 76}, "0.125": {"precision": 0.0, "recall": 0.0, "f1-score": 0.0, "support": 0}, "0.25": {"precision": 0.03278688524590164, "recall": 0.045454545454545456, "f1-score": 0.038095238095238106, "support": 44}, "0.375": {"precision": 0.09090909090909091, "recall": 0.14285714285714285, "f1-score": 0.1111111111111111, "support": 7}, "0.5": {"precision": 0.1, "recall": 0.0967741935483871, "f1-score": 0.09836065573770492, "support": 124}, "0.625": {"precision": 0.0, "recall": 0.0, "f1-score": 0.0, "support": 6}, "0.75": {"precision": 0.21052631578947367, "recall": 0.037037037037037035, "f1-score": 0.06299212598425197, "support": 108}, "0.875": {"precision": 0.0, "recall": 0.0, "f1-score": 0.0, "support": 23}, "1.0": {"precision": 0.72, "recall": 0.04316546762589928, "f1-score": 0.081447963800905, "support": 417}, "micro avg": {"precision": 0.13810741687979539, "recall": 0.1341614906832298, "f1-score": 0.13610586011342152, "support": 805}, "macro avg": {"precision": 0.14296499761240336, "recall": 0.14438876809320014, "f1-score": 0.06933702650222898, "support": 805}, "weighted avg": {"precision": 0.4317055812068956, "recall": 0.1341614906832298, "f1-score": 0.09074736273891285, "support": 805}}