{"0.0": {"precision": 0.07692307692307693, "recall": 0.013157894736842105, "f1-score": 0.02247191011235955, "support": 76}, "0.125": {"precision": 0.0, "recall": 0.0, "f1-score": 0.0, "support": 0}, "0.25": {"precision": 0.2222222222222222, "recall": 0.3181818181818182, "f1-score": 0.2616822429906542, "support": 44}, "0.375": {"precision": 0.23076923076923078, "recall": 0.42857142857142855, "f1-score": 0.3, "support": 7}, "0.5": {"precision": 0.3140495867768595, "recall": 0.3064516129032258, "f1-score": 0.31020408163265306, "support": 124}, "0.625": {"precision": 0.008928571428571428, "recall": 0.16666666666666666, "f1-score": 0.01694915254237288, "support": 6}, "0.75": {"precision": 0.21978021978021978, "recall": 0.18518518518518517, "f1-score": 0.20100502512562815, "support": 108}, "0.875": {"precision": 0.14814814814814814, "recall": 0.5217391304347826, "f1-score": 0.23076923076923075, "support": 23}, "1.0": {"precision": 0.814935064935065, "recall": 0.6019184652278178, "f1-score": 0.6924137931034484, "support": 417}, "accuracy": 0.422360248447205, "macro avg": {"precision": 0.2261951245537104, "recall": 0.2824302446564185, "f1-score": 0.22616615958626074, "support": 805}, "weighted avg": {"precision": 0.5257225213041137, "recall": 0.422360248447205, "f1-score": 0.4591822007990428, "support": 805}}