{"5.12": {"0.625": {"precision": 0.0, "recall": 0.0, "f1-score": 0.0, "support": 0}, "1.0": {"precision": 1.0, "recall": 0.8333333333333334, "f1-score": 0.9090909090909091, "support": 12}, "accuracy": 0.8333333333333334, "macro avg": {"precision": 0.5, "recall": 0.4166666666666667, "f1-score": 0.45454545454545453, "support": 12}, "weighted avg": {"precision": 1.0, "recall": 0.8333333333333334, "f1-score": 0.9090909090909091, "support": 12}}, "5.11": {"0.5": {"precision": 0.0, "recall": 0.0, "f1-score": 0.0, "support": 1}, "1.0": {"precision": 0.9565217391304348, "recall": 1.0, "f1-score": 0.9777777777777777, "support": 22}, "accuracy": 0.9565217391304348, "macro avg": {"precision": 0.4782608695652174, "recall": 0.5, "f1-score": 0.4888888888888889, "support": 23}, "weighted avg": {"precision": 0.9149338374291116, "recall": 0.9565217391304348, "f1-score": 0.9352657004830917, "support": 23}}, "4.3_LM": {"0.5": {"precision": 0.0, "recall": 0.0, "f1-score": 0.0, "support": 1}, "0.875": {"precision": 0.0, "recall": 0.0, "f1-score": 0.0, "support": 0}, "1.0": {"precision": 1.0, "recall": 0.1111111111111111, "f1-score": 0.19999999999999998, "support": 9}, "accuracy": 0.1, "macro avg": {"precision": 0.3333333333333333, "recall": 0.037037037037037035, "f1-score": 0.06666666666666667, "support": 10}, "weighted avg": {"precision": 0.9, "recall": 0.1, "f1-score": 0.18, "support": 10}}, "11.4_SDN": {"accuracy": 0.0, "macro avg": {"precision": NaN, "recall": NaN, "f1-score": NaN, "support": 0.0}, "weighted avg": {"precision": 0.0, "recall": 0.0, "f1-score": 0.0, "support": 0.0}}, "12.2_PE": {"0.0": {"precision": 0.3333333333333333, "recall": 0.25, "f1-score": 0.28571428571428575, "support": 4}, "0.25": {"precision": 0.0, "recall": 0.0, "f1-score": 0.0, "support": 1}, "0.375": {"precision": 0.0, "recall": 0.0, "f1-score": 0.0, "support": 0}, "0.5": {"precision": 0.0, "recall": 0.0, "f1-score": 0.0, "support": 1}, "0.875": {"precision": 0.0, "recall": 0.0, "f1-score": 0.0, "support": 0}, "1.0": {"precision": 0.6666666666666666, "recall": 0.5, "f1-score": 0.5714285714285715, "support": 4}, "accuracy": 0.3, "macro avg": {"precision": 0.16666666666666666, "recall": 0.125, "f1-score": 0.14285714285714288, "support": 10}, "weighted avg": {"precision": 0.4, "recall": 0.3, "f1-score": 0.34285714285714286, "support": 10}}, "10.2_TC": {"0.25": {"precision": 0.0, "recall": 0.0, "f1-score": 0.0, "support": 1.0}, "0.375": {"precision": 0.0, "recall": 0.0, "f1-score": 0.0, "support": 1.0}, "0.5": {"precision": 0.0, "recall": 0.0, "f1-score": 0.0, "support": 1.0}, "0.625": {"precision": 0.0, "recall": 0.0, "f1-score": 0.0, "support": 1.0}, "0.75": {"precision": 0.0, "recall": 0.0, "f1-score": 0.0, "support": 5.0}, "0.875": {"precision": 0.0, "recall": 0.0, "f1-score": 0.0, "support": 0.0}, "1.0": {"precision": 0.0, "recall": 0.0, "f1-score": 0.0, "support": 2.0}, "accuracy": 0.0, "macro avg": {"precision": 0.0, "recall": 0.0, "f1-score": 0.0, "support": 11.0}, "weighted avg": {"precision": 0.0, "recall": 0.0, "f1-score": 0.0, "support": 11.0}}, "2.1_DLL_v1.1": {"0.75": {"precision": 0.0, "recall": 0.0, "f1-score": 0.0, "support": 0}, "1.0": {"precision": 1.0, "recall": 0.8666666666666667, "f1-score": 0.9285714285714286, "support": 15}, "accuracy": 0.8666666666666667, "macro avg": {"precision": 0.5, "recall": 0.43333333333333335, "f1-score": 0.4642857142857143, "support": 15}, "weighted avg": {"precision": 1.0, "recall": 0.8666666666666667, "f1-score": 0.9285714285714286, "support": 15}}, "8.3_MM": {"0.25": {"precision": 0.0, "recall": 0.0, "f1-score": 0.0, "support": 2}, "0.5": {"precision": 1.0, "recall": 0.2, "f1-score": 0.33333333333333337, "support": 5}, "0.625": {"precision": 0.0, "recall": 0.0, "f1-score": 0.0, "support": 0}, "1.0": {"precision": 0.0, "recall": 0.0, "f1-score": 0.0, "support": 3}, "accuracy": 0.1, "macro avg": {"precision": 0.25, "recall": 0.05, "f1-score": 0.08333333333333334, "support": 10}, "weighted avg": {"precision": 0.5, "recall": 0.1, "f1-score": 0.16666666666666669, "support": 10}}, "8.1_MM": {"0.0": {"precision": 0.0, "recall": 0.0, "f1-score": 0.0, "support": 1}, "0.25": {"precision": 0.0, "recall": 0.0, "f1-score": 0.0, "support": 1}, "0.5": {"precision": 0.0, "recall": 0.0, "f1-score": 0.0, "support": 0}, "0.75": {"precision": 0.0, "recall": 0.0, "f1-score": 0.0, "support": 1}, "0.875": {"precision": 0.2857142857142857, "recall": 1.0, "f1-score": 0.4444444444444445, "support": 2}, "1.0": {"precision": 0.8333333333333334, "recall": 0.45454545454545453, "f1-score": 0.5882352941176471, "support": 11}, "accuracy": 0.4375, "macro avg": {"precision": 0.1865079365079365, "recall": 0.24242424242424243, "f1-score": 0.1721132897603486, "support": 16}, "weighted avg": {"precision": 0.6086309523809524, "recall": 0.4375, "f1-score": 0.45996732026143794, "support": 16}}, "4.1_LM_v1.0": {"0.5": {"precision": 0.0, "recall": 0.0, "f1-score": 0.0, "support": 0}, "1.0": {"precision": 1.0, "recall": 0.9375, "f1-score": 0.967741935483871, "support": 16}, "accuracy": 0.9375, "macro avg": {"precision": 0.5, "recall": 0.46875, "f1-score": 0.4838709677419355, "support": 16}, "weighted avg": {"precision": 1.0, "recall": 0.9375, "f1-score": 0.967741935483871, "support": 16}}, "6.3": {"0.25": {"precision": 0.0, "recall": 0.0, "f1-score": 0.0, "support": 1}, "0.625": {"precision": 0.0, "recall": 0.0, "f1-score": 0.0, "support": 2}, "0.75": {"precision": 0.2777777777777778, "recall": 1.0, "f1-score": 0.4347826086956522, "support": 5}, "0.875": {"precision": 0.6666666666666666, "recall": 0.2857142857142857, "f1-score": 0.4, "support": 14}, "1.0": {"precision": 0.0, "recall": 0.0, "f1-score": 0.0, "support": 2}, "accuracy": 0.375, "macro avg": {"precision": 0.18888888888888888, "recall": 0.2571428571428571, "f1-score": 0.16695652173913045, "support": 24}, "weighted avg": {"precision": 0.44675925925925924, "recall": 0.375, "f1-score": 0.3239130434782609, "support": 24}}, "2.4": {"0.375": {"precision": 0.0, "recall": 0.0, "f1-score": 0.0, "support": 1}, "0.625": {"precision": 0.0, "recall": 0.0, "f1-score": 0.0, "support": 0}, "0.75": {"precision": 0.0, "recall": 0.0, "f1-score": 0.0, "support": 2}, "0.875": {"precision": 0.0, "recall": 0.0, "f1-score": 0.0, "support": 3}, "1.0": {"precision": 0.6666666666666666, "recall": 0.9090909090909091, "f1-score": 0.7692307692307692, "support": 11}, "accuracy": 0.5882352941176471, "macro avg": {"precision": 0.13333333333333333, "recall": 0.18181818181818182, "f1-score": 0.15384615384615383, "support": 17}, "weighted avg": {"precision": 0.4313725490196078, "recall": 0.5882352941176471, "f1-score": 0.49773755656108587, "support": 17}}, "4.13": {"0.0": {"precision": 0.0, "recall": 0.0, "f1-score": 0.0, "support": 1}, "0.5": {"precision": 0.0, "recall": 0.0, "f1-score": 0.0, "support": 2}, "0.75": {"precision": 0.2, "recall": 0.5, "f1-score": 0.28571428571428575, "support": 4}, "1.0": {"precision": 0.3333333333333333, "recall": 0.16666666666666666, "f1-score": 0.2222222222222222, "support": 6}, "accuracy": 0.23076923076923078, "macro avg": {"precision": 0.13333333333333333, "recall": 0.16666666666666666, "f1-score": 0.12698412698412698, "support": 13}, "weighted avg": {"precision": 0.21538461538461537, "recall": 0.23076923076923078, "f1-score": 0.1904761904761905, "support": 13}}, "10.1_TC": {"0.0": {"precision": 0.0, "recall": 0.0, "f1-score": 0.0, "support": 2}, "0.5": {"precision": 0.0, "recall": 0.0, "f1-score": 0.0, "support": 0}, "0.75": {"precision": 0.0, "recall": 0.0, "f1-score": 0.0, "support": 0}, "0.875": {"precision": 0.0, "recall": 0.0, "f1-score": 0.0, "support": 1}, "1.0": {"precision": 0.8571428571428571, "recall": 0.6666666666666666, "f1-score": 0.75, "support": 9}, "accuracy": 0.5, "macro avg": {"precision": 0.17142857142857143, "recall": 0.13333333333333333, "f1-score": 0.15, "support": 12}, "weighted avg": {"precision": 0.6428571428571428, "recall": 0.5, "f1-score": 0.5625, "support": 12}},