{"6": {"0.0": {"precision": 0.0, "recall": 0.0, "f1-score": 0.0, "support": 8}, "0.25": {"precision": 0.0, "recall": 0.0, "f1-score": 0.0, "support": 3}, "0.5": {"precision": 0.0, "recall": 0.0, "f1-score": 0.0, "support": 24}, "0.625": {"precision": 0.0, "recall": 0.0, "f1-score": 0.0, "support": 0}, "0.75": {"precision": 0.0, "recall": 0.0, "f1-score": 0.0, "support": 3}, "1.0": {"precision": 0.8, "recall": 0.2857142857142857, "f1-score": 0.4210526315789473, "support": 14}, "accuracy": 0.07692307692307693, "macro avg": {"precision": 0.13333333333333333, "recall": 0.047619047619047616, "f1-score": 0.07017543859649121, "support": 52}, "weighted avg": {"precision": 0.2153846153846154, "recall": 0.07692307692307693, "f1-score": 0.11336032388663965, "support": 52}}, "7": {"0.0": {"precision": 0.0, "recall": 0.0, "f1-score": 0.0, "support": 2}, "0.25": {"precision": 0.0, "recall": 0.0, "f1-score": 0.0, "support": 1}, "0.5": {"precision": 0.0, "recall": 0.0, "f1-score": 0.0, "support": 8}, "0.75": {"precision": 0.3333333333333333, "recall": 0.4, "f1-score": 0.3636363636363636, "support": 10}, "1.0": {"precision": 0.6551724137931034, "recall": 0.95, "f1-score": 0.7755102040816326, "support": 20}, "accuracy": 0.5609756097560976, "macro avg": {"precision": 0.19770114942528733, "recall": 0.27, "f1-score": 0.22782931354359923, "support": 41}, "weighted avg": {"precision": 0.4008971124194, "recall": 0.5609756097560976, "f1-score": 0.4669894565364948, "support": 41}}, "4": {"0.0": {"precision": 0.0, "recall": 0.0, "f1-score": 0.0, "support": 8}, "0.375": {"precision": 0.0, "recall": 0.0, "f1-score": 0.0, "support": 0}, "0.5": {"precision": 0.0, "recall": 0.0, "f1-score": 0.0, "support": 2}, "0.75": {"precision": 0.0, "recall": 0.0, "f1-score": 0.0, "support": 0}, "1.0": {"precision": 0.8461538461538461, "recall": 0.3548387096774194, "f1-score": 0.5, "support": 31}, "accuracy": 0.2682926829268293, "macro avg": {"precision": 0.16923076923076924, "recall": 0.07096774193548387, "f1-score": 0.1, "support": 41}, "weighted avg": {"precision": 0.6397748592870544, "recall": 0.2682926829268293, "f1-score": 0.3780487804878049, "support": 41}}, "1": {"0.0": {"precision": 0.0, "recall": 0.0, "f1-score": 0.0, "support": 2}, "0.25": {"precision": 0.0, "recall": 0.0, "f1-score": 0.0, "support": 10}, "0.375": {"precision": 0.0, "recall": 0.0, "f1-score": 0.0, "support": 0}, "0.5": {"precision": 0.3333333333333333, "recall": 0.1111111111111111, "f1-score": 0.16666666666666666, "support": 18}, "0.75": {"precision": 0.0, "recall": 0.0, "f1-score": 0.0, "support": 10}, "1.0": {"precision": 0.0, "recall": 0.0, "f1-score": 0.0, "support": 4}, "accuracy": 0.045454545454545456, "macro avg": {"precision": 0.05555555555555555, "recall": 0.018518518518518517, "f1-score": 0.027777777777777776, "support": 44}, "weighted avg": {"precision": 0.13636363636363635, "recall": 0.045454545454545456, "f1-score": 0.06818181818181818, "support": 44}}, "3": {"0.0": {"precision": 0.5, "recall": 0.0625, "f1-score": 0.1111111111111111, "support": 16}, "0.25": {"precision": 0.0, "recall": 0.0, "f1-score": 0.0, "support": 7}, "0.375": {"precision": 0.0, "recall": 0.0, "f1-score": 0.0, "support": 0}, "0.5": {"precision": 0.2, "recall": 0.07692307692307693, "f1-score": 0.1111111111111111, "support": 13}, "0.75": {"precision": 0.18181818181818182, "recall": 0.2857142857142857, "f1-score": 0.2222222222222222, "support": 7}, "1.0": {"precision": 0.0, "recall": 0.0, "f1-score": 0.0, "support": 11}, "accuracy": 0.07407407407407407, "macro avg": {"precision": 0.14696969696969697, "recall": 0.0708562271062271, "f1-score": 0.07407407407407407, "support": 54}, "weighted avg": {"precision": 0.21986531986531987, "recall": 0.07407407407407407, "f1-score": 0.08847736625514403, "support": 54}}, "8": {"0.0": {"precision": 0.0, "recall": 0.0, "f1-score": 0.0, "support": 11}, "0.25": {"precision": 0.0, "recall": 0.0, "f1-score": 0.0, "support": 1}, "0.375": {"precision": 0.0, "recall": 0.0, "f1-score": 0.0, "support": 0}, "0.5": {"precision": 0.0, "recall": 0.0, "f1-score": 0.0, "support": 3}, "0.75": {"precision": 0.0, "recall": 0.0, "f1-score": 0.0, "support": 1}, "1.0": {"precision": 0.25, "recall": 0.043478260869565216, "f1-score": 0.07407407407407408, "support": 23}, "accuracy": 0.02564102564102564, "macro avg": {"precision": 0.041666666666666664, "recall": 0.007246376811594203, "f1-score": 0.01234567901234568, "support": 39}, "weighted avg": {"precision": 0.14743589743589744, "recall": 0.02564102564102564, "f1-score": 0.043684710351377026, "support": 39}}}