{"0.0": {"precision": 0.25, "recall": 0.047619047619047616, "f1-score": 0.08, "support": 21}, "0.125": {"precision": 0.0, "recall": 0.0, "f1-score": 0.0, "support": 0}, "0.25": {"precision": 0.0, "recall": 0.0, "f1-score": 0.0, "support": 8}, "0.375": {"precision": 0.18181818181818182, "recall": 0.2857142857142857, "f1-score": 0.2222222222222222, "support": 7}, "0.5": {"precision": 0.3333333333333333, "recall": 0.1, "f1-score": 0.15384615384615383, "support": 30}, "0.625": {"precision": 0.041666666666666664, "recall": 0.3333333333333333, "f1-score": 0.07407407407407407, "support": 6}, "0.75": {"precision": 0.21212121212121213, "recall": 0.3333333333333333, "f1-score": 0.25925925925925924, "support": 42}, "0.875": {"precision": 0.125, "recall": 0.3333333333333333, "f1-score": 0.18181818181818182, "support": 21}, "1.0": {"precision": 0.861271676300578, "recall": 0.6208333333333333, "f1-score": 0.7215496368038742, "support": 240}, "micro avg": {"precision": 0.4746666666666667, "recall": 0.4746666666666667, "f1-score": 0.4746666666666667, "support": 375}, "macro avg": {"precision": 0.22280123002666358, "recall": 0.22824074074074074, "f1-score": 0.18808550311375172, "support": 375}, "weighted avg": {"precision": 0.6266987213172184, "recall": 0.4746666666666667, "f1-score": 0.5231316484143603, "support": 375}}