{"0.0": {"precision": 0.027777777777777776, "recall": 0.02127659574468085, "f1-score": 0.024096385542168672, "support": 47}, "0.125": {"precision": 0.0, "recall": 0.0, "f1-score": 0.0, "support": 0}, "0.25": {"precision": 0.0, "recall": 0.0, "f1-score": 0.0, "support": 22}, "0.375": {"precision": 0.0, "recall": 0.0, "f1-score": 0.0, "support": 0}, "0.5": {"precision": 0.2727272727272727, "recall": 0.04411764705882353, "f1-score": 0.0759493670886076, "support": 68}, "0.625": {"precision": 0.0, "recall": 0.0, "f1-score": 0.0, "support": 0}, "0.75": {"precision": 0.1016949152542373, "recall": 0.1935483870967742, "f1-score": 0.13333333333333336, "support": 31}, "0.875": {"precision": 0.0, "recall": 0.0, "f1-score": 0.0, "support": 0}, "1.0": {"precision": 0.6730769230769231, "recall": 0.33980582524271846, "f1-score": 0.45161290322580644, "support": 103}, "micro avg": {"precision": 0.16605166051660517, "recall": 0.16605166051660517, "f1-score": 0.16605166051660517, "support": 271}, "macro avg": {"precision": 0.1194752098706901, "recall": 0.06652760612699966, "f1-score": 0.07611022102110179, "support": 271}, "weighted avg": {"precision": 0.34070286181112375, "recall": 0.16605166051660517, "f1-score": 0.2101348688121721, "support": 271}}