{"0.0": {"precision": 0.08333333333333333, "recall": 0.014705882352941176, "f1-score": 0.025, "support": 68}, "0.125": {"precision": 0.0, "recall": 0.0, "f1-score": 0.0, "support": 0}, "0.25": {"precision": 0.0, "recall": 0.0, "f1-score": 0.0, "support": 30}, "0.375": {"precision": 0.0, "recall": 0.0, "f1-score": 0.0, "support": 7}, "0.5": {"precision": 0.14285714285714285, "recall": 0.07142857142857142, "f1-score": 0.09523809523809523, "support": 98}, "0.625": {"precision": 0.012048192771084338, "recall": 0.16666666666666666, "f1-score": 0.02247191011235955, "support": 6}, "0.75": {"precision": 0.16149068322981366, "recall": 0.3561643835616438, "f1-score": 0.22222222222222224, "support": 73}, "0.875": {"precision": 0.061224489795918366, "recall": 0.14285714285714285, "f1-score": 0.0857142857142857, "support": 21}, "1.0": {"precision": 0.7096774193548387, "recall": 0.5131195335276968, "f1-score": 0.595600676818951, "support": 343}, "accuracy": 0.33126934984520123, "macro avg": {"precision": 0.13007014014912568, "recall": 0.14054913115496254, "f1-score": 0.11624968778954597, "support": 646}, "weighted avg": {"precision": 0.4276050229465845, "recall": 0.33126934984520123, "f1-score": 0.3614263454568575, "support": 646}}