{"5.12": {"CORRECT": {"precision": 1.0, "recall": 0.4166666666666667, "f1-score": 0.5882352941176471, "support": 12}, "INCORRECT": {"precision": 0.0, "recall": 0.0, "f1-score": 0.0, "support": 0}, "PARTIAL_CORRECT": {"precision": 0.0, "recall": 0.0, "f1-score": 0.0, "support": 0}, "accuracy": 0.4166666666666667, "macro avg": {"precision": 0.3333333333333333, "recall": 0.1388888888888889, "f1-score": 0.19607843137254902, "support": 12}, "weighted avg": {"precision": 1.0, "recall": 0.4166666666666667, "f1-score": 0.5882352941176471, "support": 12}}, "6": {"CORRECT": {"precision": 0.0, "recall": 0.0, "f1-score": 0.0, "support": 14}, "INCORRECT": {"precision": 0.15384615384615385, "recall": 1.0, "f1-score": 0.2666666666666667, "support": 8}, "PARTIAL_CORRECT": {"precision": 0.0, "recall": 0.0, "f1-score": 0.0, "support": 30}, "accuracy": 0.15384615384615385, "macro avg": {"precision": 0.05128205128205129, "recall": 0.3333333333333333, "f1-score": 0.0888888888888889, "support": 52}, "weighted avg": {"precision": 0.02366863905325444, "recall": 0.15384615384615385, "f1-score": 0.04102564102564103, "support": 52}}, "7": {"CORRECT": {"precision": 0.0, "recall": 0.0, "f1-score": 0.0, "support": 20}, "INCORRECT": {"precision": 0.04878048780487805, "recall": 1.0, "f1-score": 0.09302325581395349, "support": 2}, "PARTIAL_CORRECT": {"precision": 0.0, "recall": 0.0, "f1-score": 0.0, "support": 19}, "accuracy": 0.04878048780487805, "macro avg": {"precision": 0.016260162601626018, "recall": 0.3333333333333333, "f1-score": 0.031007751937984496, "support": 41}, "weighted avg": {"precision": 0.002379535990481856, "recall": 0.04878048780487805, "f1-score": 0.0045377197958026095, "support": 41}}, "5.11": {"CORRECT": {"precision": 0.0, "recall": 0.0, "f1-score": 0.0, "support": 22.0}, "INCORRECT": {"precision": 0.0, "recall": 0.0, "f1-score": 0.0, "support": 0.0}, "PARTIAL_CORRECT": {"precision": 0.0, "recall": 0.0, "f1-score": 0.0, "support": 1.0}, "accuracy": 0.0, "macro avg": {"precision": 0.0, "recall": 0.0, "f1-score": 0.0, "support": 23.0}, "weighted avg": {"precision": 0.0, "recall": 0.0, "f1-score": 0.0, "support": 23.0}}, "4": {"CORRECT": {"precision": 0.0, "recall": 0.0, "f1-score": 0.0, "support": 31}, "INCORRECT": {"precision": 0.27586206896551724, "recall": 1.0, "f1-score": 0.4324324324324324, "support": 8}, "PARTIAL_CORRECT": {"precision": 0.16666666666666666, "recall": 1.0, "f1-score": 0.2857142857142857, "support": 2}, "accuracy": 0.24390243902439024, "macro avg": {"precision": 0.1475095785440613, "recall": 0.6666666666666666, "f1-score": 0.23938223938223935, "support": 41}, "weighted avg": {"precision": 0.06195682646481637, "recall": 0.24390243902439024, "f1-score": 0.09831434221678124, "support": 41}}, "4.3_LM": {"CORRECT": {"precision": 0.0, "recall": 0.0, "f1-score": 0.0, "support": 9.0}, "INCORRECT": {"precision": 0.0, "recall": 0.0, "f1-score": 0.0, "support": 0.0}, "PARTIAL_CORRECT": {"precision": 0.0, "recall": 0.0, "f1-score": 0.0, "support": 1.0}, "accuracy": 0.0, "macro avg": {"precision": 0.0, "recall": 0.0, "f1-score": 0.0, "support": 10.0}, "weighted avg": {"precision": 0.0, "recall": 0.0, "f1-score": 0.0, "support": 10.0}}, "1": {"CORRECT": {"precision": 0.0, "recall": 0.0, "f1-score": 0.0, "support": 4}, "INCORRECT": {"precision": 0.05, "recall": 1.0, "f1-score": 0.09523809523809523, "support": 2}, "PARTIAL_CORRECT": {"precision": 0.5, "recall": 0.05263157894736842, "f1-score": 0.09523809523809525, "support": 38}, "accuracy": 0.09090909090909091, "macro avg": {"precision": 0.18333333333333335, "recall": 0.3508771929824561, "f1-score": 0.06349206349206349, "support": 44}, "weighted avg": {"precision": 0.43409090909090914, "recall": 0.09090909090909091, "f1-score": 0.08658008658008659, "support": 44}}, "12.2_PE": {"CORRECT": {"precision": 0.0, "recall": 0.0, "f1-score": 0.0, "support": 4}, "INCORRECT": {"precision": 0.4444444444444444, "recall": 1.0, "f1-score": 0.6153846153846153, "support": 4}, "PARTIAL_CORRECT": {"precision": 0.0, "recall": 0.0, "f1-score": 0.0, "support": 2}, "accuracy": 0.4, "macro avg": {"precision": 0.14814814814814814, "recall": 0.3333333333333333, "f1-score": 0.2051282051282051, "support": 10}, "weighted avg": {"precision": 0.17777777777777776, "recall": 0.4, "f1-score": 0.2461538461538461, "support": 10}}, "3": {"CORRECT": {"precision": 0.0, "recall": 0.0, "f1-score": 0.0, "support": 11}, "INCORRECT": {"precision": 0.37209302325581395, "recall": 1.0, "f1-score": 0.5423728813559322, "support": 16}, "PARTIAL_CORRECT": {"precision": 0.5454545454545454, "recall": 0.2222222222222222, "f1-score": 0.3157894736842105, "support": 27}, "accuracy": 0.4074074074074074, "macro avg": {"precision": 0.3058491895701198, "recall": 0.40740740740740744, "f1-score": 0.28605411834671424, "support": 54}, "weighted avg": {"precision": 0.382977057395662, "recall": 0.4074074074074074, "f1-score": 0.3185978127994185, "support": 54}}, "10.2_TC": {"CORRECT": {"precision": 0.0, "recall": 0.0, "f1-score": 0.0, "support": 2}, "INCORRECT": {"precision": 0.0, "recall": 0.0, "f1-score": 0.0, "support": 0}, "PARTIAL_CORRECT": {"precision": 0.8, "recall": 0.8888888888888888, "f1-score": 0.8421052631578948, "support": 9}, "accuracy": 0.7272727272727273, "macro avg": {"precision": 0.26666666666666666, "recall": 0.2962962962962963, "f1-score": 0.28070175438596495, "support": 11}, "weighted avg": {"precision": 0.6545454545454545, "recall": 0.7272727272727273, "f1-score": 0.6889952153110048, "support": 11}}, "2.1_DLL_v1.1": {"CORRECT": {"precision": 0.0, "recall": 0.0, "f1-score": 0.0, "support": 15.0}, "INCORRECT": {"precision": 0.0, "recall": 0.0, "f1-score": 0.0, "support": 0.0}, "PARTIAL_CORRECT": {"precision": 0.0, "recall": 0.0, "f1-score": 0.0, "support": 0.0}, "accuracy": 0.0, "macro avg": {"precision": 0.0, "recall": 0.0, "f1-score": 0.0, "support": 15.0}, "weighted avg": {"precision": 0.0, "recall": 0.0, "f1-score": 0.0, "support": 15.0}}, "8.3_MM": {"CORRECT": {"precision": 0.0, "recall": 0.0, "f1-score": 0.0, "support": 3.0}, "INCORRECT": {"precision": 0.0, "recall": 0.0, "f1-score": 0.0, "support": 0.0}, "PARTIAL_CORRECT": {"precision": 0.0, "recall": 0.0, "f1-score": 0.0, "support": 7.0}, "accuracy": 0.0, "macro avg": {"precision": 0.0, "recall": 0.0, "f1-score": 0.0, "support": 10.0}, "weighted avg": {"precision": 0.0, "recall": 0.0, "f1-score": 0.0, "support": 10.0}}, "8.1_MM": {"CORRECT": {"precision": 0.0, "recall": 0.0, "f1-score": 0.0, "support": 11}, "INCORRECT": {"precision": 0.0, "recall": 0.0, "f1-score": 0.0, "support": 1}, "PARTIAL_CORRECT": {"precision": 0.3333333333333333, "recall": 0.25, "f1-score": 0.28571428571428575, "support": 4}, "accuracy": 0.0625, "macro avg": {"precision": 0.1111111111111111, "recall": 0.08333333333333333, "f1-score": 0.09523809523809525, "support": 16}, "weighted avg": {"precision": 0.08333333333333333, "recall": 0.0625, "f1-score": 0.07142857142857144, "support": 16}}, "4.1_LM_v1.0": {"CORRECT": {"precision": 0.0, "recall": 0.0, "f1-score": 0.0, "support": 16.0}, "INCORRECT": {"precision": 0.0, "recall": 0.0, "f1-score": 0.0, "support": 0.0}, "PARTIAL_CORRECT": {"precision": 0.0, "recall": 0.0, "f1-score": 0.0, "support": 0.0}, "accuracy": 0.0, "macro avg": {"precision": 0.0, "recall": 0.0, "f1-score": 0.0, "support": 16.0}, "weighted avg": {"precision": 0.0, "recall": 0.0, "f1-score": 0.0, "support": 16.0}}, "6.3": {"CORRECT": {"precision": 0.0, "recall": 0.0, "f1-score": 0.0, "support": 2}, "INCORRECT": {"precision": 0.0, "recall": 0.0, "f1-score": 0.0, "support": 0}, "PARTIAL_CORRECT": {"precision": 0.9, "recall": 0.8181818181818182, "f1-score": 0.8571428571428572, "support": 22}, "accuracy": 0.75, "macro avg": {"precision": 0.3, "recall": 0.27272727272727276, "f1-score": 0.28571428571428575, "support": 24}, "weighted avg": {"precision": 0.8250000000000001, "recall": 0.75, "f1-score": 0.7857142857142857, "support": 24}}, "2.4": {"CORRECT": {"precision": 0.5, "recall": 0.09090909090909091,