{"6": {"CORRECT": {"precision": 0.0, "recall": 0.0, "f1-score": 0.0, "support": 14}, "INCORRECT": {"precision": 0.15384615384615385, "recall": 1.0, "f1-score": 0.2666666666666667, "support": 8}, "PARTIAL_CORRECT": {"precision": 0.0, "recall": 0.0, "f1-score": 0.0, "support": 30}, "accuracy": 0.15384615384615385, "macro avg": {"precision": 0.05128205128205129, "recall": 0.3333333333333333, "f1-score": 0.0888888888888889, "support": 52}, "weighted avg": {"precision": 0.02366863905325444, "recall": 0.15384615384615385, "f1-score": 0.04102564102564103, "support": 52}}, "7": {"CORRECT": {"precision": 0.0, "recall": 0.0, "f1-score": 0.0, "support": 20}, "INCORRECT": {"precision": 0.04878048780487805, "recall": 1.0, "f1-score": 0.09302325581395349, "support": 2}, "PARTIAL_CORRECT": {"precision": 0.0, "recall": 0.0, "f1-score": 0.0, "support": 19}, "accuracy": 0.04878048780487805, "macro avg": {"precision": 0.016260162601626018, "recall": 0.3333333333333333, "f1-score": 0.031007751937984496, "support": 41}, "weighted avg": {"precision": 0.002379535990481856, "recall": 0.04878048780487805, "f1-score": 0.0045377197958026095, "support": 41}}, "4": {"CORRECT": {"precision": 0.0, "recall": 0.0, "f1-score": 0.0, "support": 31}, "INCORRECT": {"precision": 0.25, "recall": 1.0, "f1-score": 0.4, "support": 8}, "PARTIAL_CORRECT": {"precision": 0.0, "recall": 0.0, "f1-score": 0.0, "support": 2}, "accuracy": 0.1951219512195122, "macro avg": {"precision": 0.08333333333333333, "recall": 0.3333333333333333, "f1-score": 0.13333333333333333, "support": 41}, "weighted avg": {"precision": 0.04878048780487805, "recall": 0.1951219512195122, "f1-score": 0.07804878048780488, "support": 41}}, "1": {"CORRECT": {"precision": 0.0, "recall": 0.0, "f1-score": 0.0, "support": 4}, "INCORRECT": {"precision": 0.05263157894736842, "recall": 1.0, "f1-score": 0.1, "support": 2}, "PARTIAL_CORRECT": {"precision": 0.5, "recall": 0.07894736842105263, "f1-score": 0.13636363636363635, "support": 38}, "accuracy": 0.11363636363636363, "macro avg": {"precision": 0.18421052631578946, "recall": 0.35964912280701755, "f1-score": 0.07878787878787878, "support": 44}, "weighted avg": {"precision": 0.43421052631578944, "recall": 0.11363636363636363, "f1-score": 0.12231404958677686, "support": 44}}, "3": {"CORRECT": {"precision": 0.0, "recall": 0.0, "f1-score": 0.0, "support": 11}, "INCORRECT": {"precision": 0.38095238095238093, "recall": 1.0, "f1-score": 0.5517241379310345, "support": 16}, "PARTIAL_CORRECT": {"precision": 0.5, "recall": 0.2222222222222222, "f1-score": 0.30769230769230765, "support": 27}, "accuracy": 0.4074074074074074, "macro avg": {"precision": 0.29365079365079366, "recall": 0.40740740740740744, "f1-score": 0.2864721485411141, "support": 54}, "weighted avg": {"precision": 0.3628747795414462, "recall": 0.4074074074074074, "f1-score": 0.31731997249238625, "support": 54}}, "8": {"CORRECT": {"precision": 0.0, "recall": 0.0, "f1-score": 0.0, "support": 23}, "INCORRECT": {"precision": 0.39285714285714285, "recall": 1.0, "f1-score": 0.5641025641025641, "support": 11}, "PARTIAL_CORRECT": {"precision": 0.0, "recall": 0.0, "f1-score": 0.0, "support": 5}, "accuracy": 0.28205128205128205, "macro avg": {"precision": 0.13095238095238096, "recall": 0.3333333333333333, "f1-score": 0.18803418803418803, "support": 39}, "weighted avg": {"precision": 0.1108058608058608, "recall": 0.28205128205128205, "f1-score": 0.15910585141354372, "support": 39}}}