{"CORRECT": {"precision": 0.7619047619047619, "recall": 0.09329446064139942, "f1-score": 0.16623376623376623, "support": 343}, "PARTIAL_CORRECT": {"precision": 0.3870967741935484, "recall": 0.2553191489361702, "f1-score": 0.30769230769230765, "support": 235}, "INCORRECT": {"precision": 0.1403118040089087, "recall": 0.9264705882352942, "f1-score": 0.2437137330754352, "support": 68}, "accuracy": 0.23993808049535603, "macro avg": {"precision": 0.429771113369073, "recall": 0.42502806593762127, "f1-score": 0.23921326900050302, "support": 646}, "weighted avg": {"precision": 0.5601273652344009, "recall": 0.23993808049535603, "f1-score": 0.22584892875387572, "support": 646}}