{"CORRECT": {"precision": 0.0, "recall": 0.0, "f1-score": 0.0, "support": 103}, "PARTIAL_CORRECT": {"precision": 0.23684210526315788, "recall": 0.0743801652892562, "f1-score": 0.11320754716981131, "support": 121}, "INCORRECT": {"precision": 0.2017167381974249, "recall": 1.0, "f1-score": 0.3357142857142857, "support": 47}, "accuracy": 0.2066420664206642, "macro avg": {"precision": 0.14618628115352758, "recall": 0.3581267217630854, "f1-score": 0.14964061096136566, "support": 271}, "weighted avg": {"precision": 0.14073277281225488, "recall": 0.2066420664206642, "f1-score": 0.1087700540078177, "support": 271}}