{"CORRECT": {"precision": 0.7368421052631579, "recall": 0.11666666666666667, "f1-score": 0.20143884892086328, "support": 240}, "PARTIAL_CORRECT": {"precision": 0.38333333333333336, "recall": 0.40350877192982454, "f1-score": 0.39316239316239315, "support": 114}, "INCORRECT": {"precision": 0.06912442396313365, "recall": 0.7142857142857143, "f1-score": 0.12605042016806725, "support": 21}, "accuracy": 0.23733333333333334, "macro avg": {"precision": 0.396433287519875, "recall": 0.4114870509607352, "f1-score": 0.24021722075044125, "support": 375}, "weighted avg": {"precision": 0.5919832484436899, "recall": 0.23733333333333334, "f1-score": 0.25550105436013176, "support": 375}}