{"CORRECT": {"precision": 0.75, "recall": 0.0861244019138756, "f1-score": 0.15450643776824036, "support": 418}, "PARTIAL_CORRECT": {"precision": 0.38461538461538464, "recall": 0.2733118971061093, "f1-score": 0.31954887218045114, "support": 311}, "INCORRECT": {"precision": 0.13246268656716417, "recall": 0.9342105263157895, "f1-score": 0.23202614379084965, "support": 76}, "accuracy": 0.23850931677018633, "macro avg": {"precision": 0.42235935706084954, "recall": 0.43121560844525814, "f1-score": 0.23536048457984704, "support": 805}, "weighted avg": {"precision": 0.5505373276950175, "recall": 0.23850931677018633, "f1-score": 0.22558680392962654, "support": 805}}