{"CORRECT": {"precision": 1.0, "recall": 0.9230769230769231, "f1-score": 0.9600000000000001, "support": 13}, "INCORRECT": {"precision": 0.0, "recall": 0.0, "f1-score": 0.0, "support": 1}, "PARTIAL_CORRECT": {"precision": 0.0, "recall": 0.0, "f1-score": 0.0, "support": 0}, "accuracy": 0.8571428571428571, "macro avg": {"precision": 0.3333333333333333, "recall": 0.3076923076923077, "f1-score": 0.32, "support": 14}, "weighted avg": {"precision": 0.9285714285714286, "recall": 0.8571428571428571, "f1-score": 0.8914285714285715, "support": 14}}