{"CORRECT": {"precision": 0.7923728813559322, "recall": 0.7791666666666667, "f1-score": 0.7857142857142857, "support": 240}, "PARTIAL_CORRECT": {"precision": 0.5968992248062015, "recall": 0.6754385964912281, "f1-score": 0.6337448559670782, "support": 114}, "INCORRECT": {"precision": 0.2, "recall": 0.09523809523809523, "f1-score": 0.12903225806451613, "support": 21}, "accuracy": 0.7093333333333334, "macro avg": {"precision": 0.5297573687207112, "recall": 0.5166144527986632, "f1-score": 0.5161637999152933, "support": 375}, "weighted avg": {"precision": 0.6997760084088818, "recall": 0.7093333333333334, "f1-score": 0.7027413855227473, "support": 375}}