{"5.12": {"CORRECT": {"precision": 1.0, "recall": 1.0, "f1-score": 1.0, "support": 12}, "accuracy": 1.0, "macro avg": {"precision": 1.0, "recall": 1.0, "f1-score": 1.0, "support": 12}, "weighted avg": {"precision": 1.0, "recall": 1.0, "f1-score": 1.0, "support": 12}}, "6": {"CORRECT": {"precision": 0.0, "recall": 0.0, "f1-score": 0.0, "support": 14}, "INCORRECT": {"precision": 0.0, "recall": 0.0, "f1-score": 0.0, "support": 8}, "PARTIAL_CORRECT": {"precision": 0.5769230769230769, "recall": 1.0, "f1-score": 0.7317073170731707, "support": 30}, "accuracy": 0.5769230769230769, "macro avg": {"precision": 0.1923076923076923, "recall": 0.3333333333333333, "f1-score": 0.24390243902439024, "support": 52}, "weighted avg": {"precision": 0.3328402366863905, "recall": 0.5769230769230769, "f1-score": 0.4221388367729831, "support": 52}}, "7": {"CORRECT": {"precision": 0.4857142857142857, "recall": 0.85, "f1-score": 0.6181818181818183, "support": 20}, "INCORRECT": {"precision": 0.0, "recall": 0.0, "f1-score": 0.0, "support": 2}, "PARTIAL_CORRECT": {"precision": 0.5, "recall": 0.15789473684210525, "f1-score": 0.23999999999999996, "support": 19}, "accuracy": 0.4878048780487805, "macro avg": {"precision": 0.32857142857142857, "recall": 0.33596491228070174, "f1-score": 0.28606060606060607, "support": 41}, "weighted avg": {"precision": 0.46864111498257843, "recall": 0.4878048780487805, "f1-score": 0.4127716186252772, "support": 41}}, "5.11": {"CORRECT": {"precision": 0.9565217391304348, "recall": 1.0, "f1-score": 0.9777777777777777, "support": 22}, "PARTIAL_CORRECT": {"precision": 0.0, "recall": 0.0, "f1-score": 0.0, "support": 1}, "accuracy": 0.9565217391304348, "macro avg": {"precision": 0.4782608695652174, "recall": 0.5, "f1-score": 0.4888888888888889, "support": 23}, "weighted avg": {"precision": 0.9149338374291116, "recall": 0.9565217391304348, "f1-score": 0.9352657004830917, "support": 23}}, "4": {"CORRECT": {"precision": 0.38461538461538464, "recall": 0.16129032258064516, "f1-score": 0.22727272727272727, "support": 31}, "INCORRECT": {"precision": 0.0, "recall": 0.0, "f1-score": 0.0, "support": 8}, "PARTIAL_CORRECT": {"precision": 0.07142857142857142, "recall": 1.0, "f1-score": 0.13333333333333333, "support": 2}, "accuracy": 0.17073170731707318, "macro avg": {"precision": 0.15201465201465203, "recall": 0.38709677419354843, "f1-score": 0.1202020202020202, "support": 41}, "weighted avg": {"precision": 0.29429107477887967, "recall": 0.17073170731707318, "f1-score": 0.17834441980783444, "support": 41}}, "4.3_LM": {"CORRECT": {"precision": 0.9, "recall": 1.0, "f1-score": 0.9473684210526316, "support": 9}, "PARTIAL_CORRECT": {"precision": 0.0, "recall": 0.0, "f1-score": 0.0, "support": 1}, "accuracy": 0.9, "macro avg": {"precision": 0.45, "recall": 0.5, "f1-score": 0.4736842105263158, "support": 10}, "weighted avg": {"precision": 0.8099999999999999, "recall": 0.9, "f1-score": 0.8526315789473685, "support": 10}}, "1": {"CORRECT": {"precision": 0.08571428571428572, "recall": 0.75, "f1-score": 0.15384615384615383, "support": 4}, "INCORRECT": {"precision": 0.0, "recall": 0.0, "f1-score": 0.0, "support": 2}, "PARTIAL_CORRECT": {"precision": 0.6666666666666666, "recall": 0.15789473684210525, "f1-score": 0.25531914893617025, "support": 38}, "accuracy": 0.20454545454545456, "macro avg": {"precision": 0.2507936507936508, "recall": 0.3026315789473684, "f1-score": 0.1363884342607747, "support": 44}, "weighted avg": {"precision": 0.5835497835497835, "recall": 0.20454545454545456, "f1-score": 0.23448891533997918, "support": 44}}, "12.2_PE": {"CORRECT": {"precision": 0.5, "recall": 0.5, "f1-score": 0.5, "support": 4}, "INCORRECT": {"precision": 0.6, "recall": 0.75, "f1-score": 0.6666666666666665, "support": 4}, "PARTIAL_CORRECT": {"precision": 0.0, "recall": 0.0, "f1-score": 0.0, "support": 2}, "accuracy": 0.5, "macro avg": {"precision": 0.3666666666666667, "recall": 0.4166666666666667, "f1-score": 0.38888888888888884, "support": 10}, "weighted avg": {"precision": 0.44000000000000006, "recall": 0.5, "f1-score": 0.4666666666666666, "support": 10}}, "3": {"CORRECT": {"precision": 0.4117647058823529, "recall": 0.6363636363636364, "f1-score": 0.5, "support": 11}, "INCORRECT": {"precision": 0.0, "recall": 0.0, "f1-score": 0.0, "support": 16}, "PARTIAL_CORRECT": {"precision": 0.4594594594594595, "recall": 0.6296296296296297, "f1-score": 0.53125, "support": 27}, "accuracy": 0.4444444444444444, "macro avg": {"precision": 0.29040805511393747, "recall": 0.4219977553310887, "f1-score": 0.34375, "support": 54}, "weighted avg": {"precision": 0.31360772537243126, "recall": 0.4444444444444444, "f1-score": 0.36747685185185186, "support": 54}}, "10.2_TC": {"CORRECT": {"precision": 0.0, "recall": 0.0, "f1-score": 0.0, "support": 2}, "PARTIAL_CORRECT": {"precision": 0.8, "recall": 0.8888888888888888, "f1-score": 0.8421052631578948, "support": 9}, "accuracy": 0.7272727272727273, "macro avg": {"precision": 0.4, "recall": 0.4444444444444444, "f1-score": 0.4210526315789474, "support": 11}, "weighted avg": {"precision": 0.6545454545454545, "recall": 0.7272727272727273, "f1-score": 0.6889952153110048, "support": 11}}, "2.1_DLL_v1.1": {"CORRECT": {"precision": 1.0, "recall": 0.9333333333333333, "f1-score": 0.9655172413793104, "support": 15}, "PARTIAL_CORRECT": {"precision": 0.0, "recall": 0.0, "f1-score": 0.0, "support": 0}, "accuracy": 0.9333333333333333, "macro avg": {"precision": 0.5, "recall": 0.4666666666666667, "f1-score": 0.4827586206896552, "support": 15}, "weighted avg": {"precision": 1.0, "recall": 0.9333333333333333, "f1-score": 0.9655172413793104, "support": 15}}, "8.3_MM": {"CORRECT": {"precision": 0.0, "recall": 0.0, "f1-score": 0.0, "support": 3}, "PARTIAL_CORRECT": {"precision": 0.6666666666666666, "recall": 0.8571428571428571, "f1-score": 0.75, "support": 7}, "accuracy": 0.6, "macro avg": {"precision": 0.3333333333333333, "recall": 0.42857142857142855, "f1-score": 0.375, "support": 10}, "weighted avg": {"precision": 0.4666666666666666, "recall": 0.6, "f1-score": 0.525, "support": 10}}, "8.1_MM": {"CORRECT": {"precision": 0.6923076923076923, "recall": 0.8181818181818182, "f1-score": 0.7500000000000001, "support": 11}, "INCORRECT": {"precision": 0.0, "recall": 0.0, "f1-score": 0.0, "support": 1}, "PARTIAL_CORRECT": {"precision": 0.3333333333333333, "recall": 0.25, "f1-score": 0.28571428571428575, "support": 4}, "accuracy": 0.625, "macro avg": {"precision": 0.34188034188034183, "recall": 0.35606060606060613, "f1-score": 0.3452380952380953, "support": 16}, "weighted avg": {"precision": 0.5592948717948718, "recall": 0.625, "f1-score": 0.5870535714285715, "support": 16}}, "4.1_LM_v1.0": {"CORRECT": {"precision": 1.0, "recall": 1.0, "f1-score": 1.0, "support": 16}, "accuracy": 1.0, "macro avg": {"precision": 1.0, "recall": 1.0, "f1-score": 1.0, "support": 16}, "weighted avg": {"precision": 1.0, "recall": 1.0, "f1-score": 1.0, "support": 16}}, "6.3": {"CORRECT": {"precision": 0.0, "recall": 0.0, "f1-score": 0.0, "support": 2}, "PARTIAL_CORRECT": {"precision": 0.9130434782608695, "recall": 0.9545454545454546, "f1-score": 0.9333333333333332, "support": 22}, "accuracy": 0.875, "macro avg": {"precision": 0.45652173913043476, "recall": 0.4772727272727273, "f1-score": 0.4666666666666666, "support": 24}, "weighted avg": {"precision": 0.8369565217391304, "recall": 0.875, "f1-score": 0.8555555555555555, "support": 24}}, "2.4": {"CORRECT": {"precision": 0.5555555555555556, "recall": 0.45454545454545453, "f1-score": 0.5, "support": 11}, "PARTIAL_CORRECT": {"precision": 0.25, "recall": 0.3333333333333333, "f1-score": 0.28571428571428575, "support": 6}, "accuracy": 0.4117647058823529, "macro avg": {"precision": 0.4027777777777778, "recall": 0.3939393939393939, "f1-score": 0.3928571428571429, "support": 17}, "weighted avg": {"precision": 0.4477124183006536, "recall": 0.4117647058823529, "f1-score": 0.42436974789915966, "support": 17}}, "4.13": {"CORRECT": {"precision": 0.0, "recall": 0.0, "f1-score": 0.0,