{"5.12": {"CORRECT": {"precision": 1.0, "recall": 0.8333333333333334, "f1-score": 0.9090909090909091, "support": 12}, "PARTIAL_CORRECT": {"precision": 0.0, "recall": 0.0, "f1-score": 0.0, "support": 0}, "accuracy": 0.8333333333333334, "macro avg": {"precision": 0.5, "recall": 0.4166666666666667, "f1-score": 0.45454545454545453, "support": 12}, "weighted avg": {"precision": 1.0, "recall": 0.8333333333333334, "f1-score": 0.9090909090909091, "support": 12}}, "5.11": {"CORRECT": {"precision": 0.9565217391304348, "recall": 1.0, "f1-score": 0.9777777777777777, "support": 22}, "PARTIAL_CORRECT": {"precision": 0.0, "recall": 0.0, "f1-score": 0.0, "support": 1}, "accuracy": 0.9565217391304348, "macro avg": {"precision": 0.4782608695652174, "recall": 0.5, "f1-score": 0.4888888888888889, "support": 23}, "weighted avg": {"precision": 0.9149338374291116, "recall": 0.9565217391304348, "f1-score": 0.9352657004830917, "support": 23}}, "4.3_LM": {"CORRECT": {"precision": 0.9, "recall": 1.0, "f1-score": 0.9473684210526316, "support": 9}, "PARTIAL_CORRECT": {"precision": 0.0, "recall": 0.0, "f1-score": 0.0, "support": 1}, "accuracy": 0.9, "macro avg": {"precision": 0.45, "recall": 0.5, "f1-score": 0.4736842105263158, "support": 10}, "weighted avg": {"precision": 0.8099999999999999, "recall": 0.9, "f1-score": 0.8526315789473685, "support": 10}}, "11.4_SDN": {"accuracy": 0.0, "macro avg": {"precision": NaN, "recall": NaN, "f1-score": NaN, "support": 0.0}, "weighted avg": {"precision": 0.0, "recall": 0.0, "f1-score": 0.0, "support": 0.0}}, "12.2_PE": {"CORRECT": {"precision": 0.5, "recall": 1.0, "f1-score": 0.6666666666666666, "support": 4}, "INCORRECT": {"precision": 1.0, "recall": 0.5, "f1-score": 0.6666666666666666, "support": 4}, "PARTIAL_CORRECT": {"precision": 0.0, "recall": 0.0, "f1-score": 0.0, "support": 2}, "accuracy": 0.6, "macro avg": {"precision": 0.5, "recall": 0.5, "f1-score": 0.4444444444444444, "support": 10}, "weighted avg": {"precision": 0.6, "recall": 0.6, "f1-score": 0.5333333333333333, "support": 10}}, "10.2_TC": {"CORRECT": {"precision": 0.0, "recall": 0.0, "f1-score": 0.0, "support": 2}, "PARTIAL_CORRECT": {"precision": 0.8181818181818182, "recall": 1.0, "f1-score": 0.9, "support": 9}, "accuracy": 0.8181818181818182, "macro avg": {"precision": 0.4090909090909091, "recall": 0.5, "f1-score": 0.45, "support": 11}, "weighted avg": {"precision": 0.6694214876033059, "recall": 0.8181818181818182, "f1-score": 0.7363636363636363, "support": 11}}, "2.1_DLL_v1.1": {"CORRECT": {"precision": 1.0, "recall": 0.8666666666666667, "f1-score": 0.9285714285714286, "support": 15}, "PARTIAL_CORRECT": {"precision": 0.0, "recall": 0.0, "f1-score": 0.0, "support": 0}, "accuracy": 0.8666666666666667, "macro avg": {"precision": 0.5, "recall": 0.43333333333333335, "f1-score": 0.4642857142857143, "support": 15}, "weighted avg": {"precision": 1.0, "recall": 0.8666666666666667, "f1-score": 0.9285714285714286, "support": 15}}, "8.3_MM": {"CORRECT": {"precision": 0.5, "recall": 0.3333333333333333, "f1-score": 0.4, "support": 3}, "PARTIAL_CORRECT": {"precision": 0.75, "recall": 0.8571428571428571, "f1-score": 0.7999999999999999, "support": 7}, "accuracy": 0.7, "macro avg": {"precision": 0.625, "recall": 0.5952380952380952, "f1-score": 0.6, "support": 10}, "weighted avg": {"precision": 0.675, "recall": 0.7, "f1-score": 0.6799999999999999, "support": 10}}, "8.1_MM": {"CORRECT": {"precision": 0.8888888888888888, "recall": 0.7272727272727273, "f1-score": 0.7999999999999999, "support": 11}, "INCORRECT": {"precision": 0.0, "recall": 0.0, "f1-score": 0.0, "support": 1}, "PARTIAL_CORRECT": {"precision": 0.42857142857142855, "recall": 0.75, "f1-score": 0.5454545454545454, "support": 4}, "accuracy": 0.6875, "macro avg": {"precision": 0.43915343915343913, "recall": 0.49242424242424243, "f1-score": 0.44848484848484843, "support": 16}, "weighted avg": {"precision": 0.7182539682539681, "recall": 0.6875, "f1-score": 0.6863636363636363, "support": 16}}, "4.1_LM_v1.0": {"CORRECT": {"precision": 1.0, "recall": 1.0, "f1-score": 1.0, "support": 16}, "accuracy": 1.0, "macro avg": {"precision": 1.0, "recall": 1.0, "f1-score": 1.0, "support": 16}, "weighted avg": {"precision": 1.0, "recall": 1.0, "f1-score": 1.0, "support": 16}}, "6.3": {"CORRECT": {"precision": 0.0, "recall": 0.0, "f1-score": 0.0, "support": 2}, "PARTIAL_CORRECT": {"precision": 0.9090909090909091, "recall": 0.9090909090909091, "f1-score": 0.9090909090909091, "support": 22}, "accuracy": 0.8333333333333334, "macro avg": {"precision": 0.45454545454545453, "recall": 0.45454545454545453, "f1-score": 0.45454545454545453, "support": 24}, "weighted avg": {"precision": 0.8333333333333334, "recall": 0.8333333333333334, "f1-score": 0.8333333333333334, "support": 24}}, "2.4": {"CORRECT": {"precision": 0.7333333333333333, "recall": 1.0, "f1-score": 0.846153846153846, "support": 11}, "PARTIAL_CORRECT": {"precision": 1.0, "recall": 0.3333333333333333, "f1-score": 0.5, "support": 6}, "accuracy": 0.7647058823529411, "macro avg": {"precision": 0.8666666666666667, "recall": 0.6666666666666666, "f1-score": 0.673076923076923, "support": 17}, "weighted avg": {"precision": 0.8274509803921568, "recall": 0.7647058823529411, "f1-score": 0.7239819004524887, "support": 17}}, "4.13": {"CORRECT": {"precision": 1.0, "recall": 0.3333333333333333, "f1-score": 0.5, "support": 6}, "INCORRECT": {"precision": 0.0, "recall": 0.0, "f1-score": 0.0, "support": 1}, "PARTIAL_CORRECT": {"precision": 0.5454545454545454, "recall": 1.0, "f1-score": 0.7058823529411764, "support": 6}, "accuracy": 0.6153846153846154, "macro avg": {"precision": 0.5151515151515151, "recall": 0.4444444444444444, "f1-score": 0.40196078431372545, "support": 13}, "weighted avg": {"precision": 0.7132867132867133, "recall": 0.6153846153846154, "f1-score": 0.5565610859728506, "support": 13}}, "10.1_TC": {"CORRECT": {"precision": 0.7, "recall": 0.7777777777777778, "f1-score": 0.7368421052631577, "support": 9}, "INCORRECT": {"precision": 0.0, "recall": 0.0, "f1-score": 0.0, "support": 2}, "PARTIAL_CORRECT": {"precision": 0.0, "recall": 0.0, "f1-score": 0.0, "support": 1}, "accuracy": 0.5833333333333334, "macro avg": {"precision": 0.2333333333333333, "recall": 0.25925925925925924, "f1-score": 0.24561403508771926, "support": 12}, "weighted avg": {"precision": 0.525, "recall": 0.5833333333333334, "f1-score": 0.5526315789473683, "support": 12}}, "6.1_IPP": {"CORRECT": {"precision": 1.0, "recall": 0.875, "f1-score": 0.9333333333333333, "support": 8}, "PARTIAL_CORRECT": {"precision": 0.0, "recall": 0.0, "f1-score": 0.0, "support": 0}, "accuracy": 0.875, "macro avg": {"precision": 0.5, "recall": 0.4375, "f1-score": 0.4666666666666667, "support": 8}, "weighted avg": {"precision": 1.0, "recall": 0.875, "f1-score": 0.9333333333333333, "support": 8}}, "12.1_PE": {"CORRECT": {"precision": 0.8571428571428571, "recall": 0.5454545454545454, "f1-score": 0.6666666666666665, "support": 11}, "PARTIAL_CORRECT": {"precision": 0.2857142857142857, "recall": 0.6666666666666666, "f1-score": 0.4, "support": 3}, "accuracy": 0.5714285714285714, "macro avg": {"precision": 0.5714285714285714, "recall": 0.606060606060606, "f1-score": 0.5333333333333332, "support": 14}, "weighted avg": {"precision": 0.7346938775510204, "recall": 0.5714285714285714, "f1-score": 0.6095238095238094, "support": 14}}, "11.2_SDN": {"accuracy": 0.0, "macro avg": {"precision": NaN, "recall": NaN, "f1-score": NaN, "support": 0.0}, "weighted avg": {"precision": 0.0, "recall": 0.0, "f1-score": 0.0, "support": 0.0}}, "4.3": {"CORRECT": {"precision": 0.65, "recall": 1.0, "f1-score": 0.787878787878788, "support": 13}, "INCORRECT": {"precision": 0.0, "recall": 0.0, "f1-score": 0.0, "support": 3}, "PARTIAL_CORRECT": {"precision": 0.0, "recall": 0.0, "f1-score": 0.0, "support": 4}, "accuracy": 0.65, "macro avg": {"precision": 0.21666666666666667, "recall": 0.3333333333333333, "f1-score": 0.26262626262626265, "support": 20}, "weighted avg": {"precision": 0.42250000000000004,