{"CORRECT": {"precision": 0.5306122448979592, "recall": 0.5048543689320388, "f1-score": 0.5174129353233832, "support": 103}, "PARTIAL_CORRECT": {"precision": 0.5206611570247934, "recall": 0.5206611570247934, "f1-score": 0.5206611570247934, "support": 121}, "INCORRECT": {"precision": 0.057692307692307696, "recall": 0.06382978723404255, "f1-score": 0.06060606060606061, "support": 47}, "accuracy": 0.4354243542435424, "macro avg": {"precision": 0.3696552365383534, "recall": 0.36311510439695827, "f1-score": 0.3662267176514124, "support": 271}, "weighted avg": {"precision": 0.4441498143395877, "recall": 0.4354243542435424, "f1-score": 0.43963843980366535, "support": 271}}