{"CORRECT": {"precision": 0.6313131313131313, "recall": 0.7288629737609329, "f1-score": 0.6765899864682002, "support": 343}, "PARTIAL_CORRECT": {"precision": 0.5125, "recall": 0.5234042553191489, "f1-score": 0.5178947368421052, "support": 235}, "INCORRECT": {"precision": 0.4, "recall": 0.058823529411764705, "f1-score": 0.10256410256410256, "support": 68}, "accuracy": 0.5835913312693498, "macro avg": {"precision": 0.514604377104377, "recall": 0.43703025283061553, "f1-score": 0.4323496086248027, "support": 646}, "weighted avg": {"precision": 0.5637428855114612, "recall": 0.5835913312693498, "f1-score": 0.558436513143725, "support": 646}}