{"6": {"CORRECT": {"precision": 0.8, "recall": 0.2857142857142857, "f1-score": 0.4210526315789473, "support": 14}, "INCORRECT": {"precision": 0.0, "recall": 0.0, "f1-score": 0.0, "support": 8}, "PARTIAL_CORRECT": {"precision": 0.6170212765957447, "recall": 0.9666666666666667, "f1-score": 0.7532467532467533, "support": 30}, "accuracy": 0.6346153846153846, "macro avg": {"precision": 0.47234042553191485, "recall": 0.4174603174603175, "f1-score": 0.3914331282752335, "support": 52}, "weighted avg": {"precision": 0.5713584288052374, "recall": 0.6346153846153846, "f1-score": 0.5479257584520743, "support": 52}}, "7": {"CORRECT": {"precision": 0.4878048780487805, "recall": 1.0, "f1-score": 0.6557377049180327, "support": 20}, "INCORRECT": {"precision": 0.0, "recall": 0.0, "f1-score": 0.0, "support": 2}, "PARTIAL_CORRECT": {"precision": 0.0, "recall": 0.0, "f1-score": 0.0, "support": 19}, "accuracy": 0.4878048780487805, "macro avg": {"precision": 0.16260162601626016, "recall": 0.3333333333333333, "f1-score": 0.2185792349726776, "support": 41}, "weighted avg": {"precision": 0.2379535990481856, "recall": 0.4878048780487805, "f1-score": 0.31987205117952816, "support": 41}}, "4": {"CORRECT": {"precision": 0.68, "recall": 0.5483870967741935, "f1-score": 0.6071428571428571, "support": 31}, "INCORRECT": {"precision": 0.125, "recall": 0.25, "f1-score": 0.16666666666666666, "support": 8}, "PARTIAL_CORRECT": {"precision": 0.0, "recall": 0.0, "f1-score": 0.0, "support": 2}, "accuracy": 0.4634146341463415, "macro avg": {"precision": 0.26833333333333337, "recall": 0.2661290322580645, "f1-score": 0.2579365079365079, "support": 41}, "weighted avg": {"precision": 0.5385365853658537, "recall": 0.4634146341463415, "f1-score": 0.4915795586527293, "support": 41}}, "1": {"CORRECT": {"precision": 0.0, "recall": 0.0, "f1-score": 0.0, "support": 4}, "INCORRECT": {"precision": 0.0, "recall": 0.0, "f1-score": 0.0, "support": 2}, "PARTIAL_CORRECT": {"precision": 0.8, "recall": 0.21052631578947367, "f1-score": 0.3333333333333333, "support": 38}, "accuracy": 0.18181818181818182, "macro avg": {"precision": 0.26666666666666666, "recall": 0.07017543859649122, "f1-score": 0.1111111111111111, "support": 44}, "weighted avg": {"precision": 0.6909090909090909, "recall": 0.18181818181818182, "f1-score": 0.28787878787878785, "support": 44}}, "3": {"CORRECT": {"precision": 0.0, "recall": 0.0, "f1-score": 0.0, "support": 11}, "INCORRECT": {"precision": 0.5, "recall": 0.0625, "f1-score": 0.1111111111111111, "support": 16}, "PARTIAL_CORRECT": {"precision": 0.49019607843137253, "recall": 0.9259259259259259, "f1-score": 0.6410256410256411, "support": 27}, "accuracy": 0.48148148148148145, "macro avg": {"precision": 0.3300653594771242, "recall": 0.32947530864197533, "f1-score": 0.25071225071225073, "support": 54}, "weighted avg": {"precision": 0.39324618736383443, "recall": 0.48148148148148145, "f1-score": 0.35343463121240903, "support": 54}}, "8": {"CORRECT": {"precision": 0.4230769230769231, "recall": 0.4782608695652174, "f1-score": 0.44897959183673475, "support": 23}, "INCORRECT": {"precision": 0.0, "recall": 0.0, "f1-score": 0.0, "support": 11}, "PARTIAL_CORRECT": {"precision": 0.07692307692307693, "recall": 0.2, "f1-score": 0.1111111111111111, "support": 5}, "accuracy": 0.3076923076923077, "macro avg": {"precision": 0.16666666666666666, "recall": 0.22608695652173916, "f1-score": 0.1866969009826153, "support": 39}, "weighted avg": {"precision": 0.2593688362919132, "recall": 0.3076923076923077, "f1-score": 0.27902785045642187, "support": 39}}}