{"5.12": {"CORRECT": {"precision": 1.0, "recall": 1.0, "f1-score": 1.0, "support": 12}, "accuracy": 1.0, "macro avg": {"precision": 1.0, "recall": 1.0, "f1-score": 1.0, "support": 12}, "weighted avg": {"precision": 1.0, "recall": 1.0, "f1-score": 1.0, "support": 12}}, "5.11": {"CORRECT": {"precision": 0.9565217391304348, "recall": 1.0, "f1-score": 0.9777777777777777, "support": 22}, "PARTIAL_CORRECT": {"precision": 0.0, "recall": 0.0, "f1-score": 0.0, "support": 1}, "accuracy": 0.9565217391304348, "macro avg": {"precision": 0.4782608695652174, "recall": 0.5, "f1-score": 0.4888888888888889, "support": 23}, "weighted avg": {"precision": 0.9149338374291116, "recall": 0.9565217391304348, "f1-score": 0.9352657004830917, "support": 23}}, "4.3_LM": {"CORRECT": {"precision": 0.9, "recall": 1.0, "f1-score": 0.9473684210526316, "support": 9}, "PARTIAL_CORRECT": {"precision": 0.0, "recall": 0.0, "f1-score": 0.0, "support": 1}, "accuracy": 0.9, "macro avg": {"precision": 0.45, "recall": 0.5, "f1-score": 0.4736842105263158, "support": 10}, "weighted avg": {"precision": 0.8099999999999999, "recall": 0.9, "f1-score": 0.8526315789473685, "support": 10}}, "11.4_SDN": {"accuracy": 0.0, "macro avg": {"precision": NaN, "recall": NaN, "f1-score": NaN, "support": 0.0}, "weighted avg": {"precision": 0.0, "recall": 0.0, "f1-score": 0.0, "support": 0.0}}, "12.2_PE": {"CORRECT": {"precision": 0.6666666666666666, "recall": 1.0, "f1-score": 0.8, "support": 4}, "INCORRECT": {"precision": 0.75, "recall": 0.75, "f1-score": 0.75, "support": 4}, "PARTIAL_CORRECT": {"precision": 0.0, "recall": 0.0, "f1-score": 0.0, "support": 2}, "accuracy": 0.7, "macro avg": {"precision": 0.47222222222222215, "recall": 0.5833333333333334, "f1-score": 0.5166666666666667, "support": 10}, "weighted avg": {"precision": 0.5666666666666667, "recall": 0.7, "f1-score": 0.62, "support": 10}}, "10.2_TC": {"CORRECT": {"precision": 0.25, "recall": 0.5, "f1-score": 0.3333333333333333, "support": 2}, "PARTIAL_CORRECT": {"precision": 0.8571428571428571, "recall": 0.6666666666666666, "f1-score": 0.75, "support": 9}, "accuracy": 0.6363636363636364, "macro avg": {"precision": 0.5535714285714286, "recall": 0.5833333333333333, "f1-score": 0.5416666666666666, "support": 11}, "weighted avg": {"precision": 0.7467532467532467, "recall": 0.6363636363636364, "f1-score": 0.6742424242424243, "support": 11}}, "2.1_DLL_v1.1": {"CORRECT": {"precision": 1.0, "recall": 0.6, "f1-score": 0.7499999999999999, "support": 15}, "INCORRECT": {"precision": 0.0, "recall": 0.0, "f1-score": 0.0, "support": 0}, "PARTIAL_CORRECT": {"precision": 0.0, "recall": 0.0, "f1-score": 0.0, "support": 0}, "accuracy": 0.6, "macro avg": {"precision": 0.3333333333333333, "recall": 0.19999999999999998, "f1-score": 0.24999999999999997, "support": 15}, "weighted avg": {"precision": 1.0, "recall": 0.6, "f1-score": 0.7499999999999999, "support": 15}}, "8.3_MM": {"CORRECT": {"precision": 0.5, "recall": 0.3333333333333333, "f1-score": 0.4, "support": 3}, "INCORRECT": {"precision": 0.0, "recall": 0.0, "f1-score": 0.0, "support": 0}, "PARTIAL_CORRECT": {"precision": 0.7142857142857143, "recall": 0.7142857142857143, "f1-score": 0.7142857142857143, "support": 7}, "accuracy": 0.6, "macro avg": {"precision": 0.4047619047619048, "recall": 0.34920634920634924, "f1-score": 0.37142857142857144, "support": 10}, "weighted avg": {"precision": 0.65, "recall": 0.6, "f1-score": 0.62, "support": 10}}, "8.1_MM": {"CORRECT": {"precision": 0.8571428571428571, "recall": 0.5454545454545454, "f1-score": 0.6666666666666665, "support": 11}, "INCORRECT": {"precision": 0.0, "recall": 0.0, "f1-score": 0.0, "support": 1}, "PARTIAL_CORRECT": {"precision": 0.4444444444444444, "recall": 1.0, "f1-score": 0.6153846153846153, "support": 4}, "accuracy": 0.625, "macro avg": {"precision": 0.4338624338624338, "recall": 0.5151515151515151, "f1-score": 0.42735042735042733, "support": 16}, "weighted avg": {"precision": 0.7003968253968254, "recall": 0.625, "f1-score": 0.6121794871794871, "support": 16}}, "4.1_LM_v1.0": {"CORRECT": {"precision": 1.0, "recall": 1.0, "f1-score": 1.0, "support": 16}, "accuracy": 1.0, "macro avg": {"precision": 1.0, "recall": 1.0, "f1-score": 1.0, "support": 16}, "weighted avg": {"precision": 1.0, "recall": 1.0, "f1-score": 1.0, "support": 16}}, "6.3": {"CORRECT": {"precision": 0.0, "recall": 0.0, "f1-score": 0.0, "support": 2}, "PARTIAL_CORRECT": {"precision": 0.9047619047619048, "recall": 0.8636363636363636, "f1-score": 0.8837209302325582, "support": 22}, "accuracy": 0.7916666666666666, "macro avg": {"precision": 0.4523809523809524, "recall": 0.4318181818181818, "f1-score": 0.4418604651162791, "support": 24}, "weighted avg": {"precision": 0.8293650793650794, "recall": 0.7916666666666666, "f1-score": 0.810077519379845, "support": 24}}, "2.4": {"CORRECT": {"precision": 0.7, "recall": 0.6363636363636364, "f1-score": 0.6666666666666666, "support": 11}, "PARTIAL_CORRECT": {"precision": 0.42857142857142855, "recall": 0.5, "f1-score": 0.4615384615384615, "support": 6}, "accuracy": 0.5882352941176471, "macro avg": {"precision": 0.5642857142857143, "recall": 0.5681818181818181, "f1-score": 0.5641025641025641, "support": 17}, "weighted avg": {"precision": 0.6042016806722689, "recall": 0.5882352941176471, "f1-score": 0.5942684766214178, "support": 17}}, "4.13": {"CORRECT": {"precision": 0.0, "recall": 0.0, "f1-score": 0.0, "support": 6}, "INCORRECT": {"precision": 0.0, "recall": 0.0, "f1-score": 0.0, "support": 1}, "PARTIAL_CORRECT": {"precision": 0.3333333333333333, "recall": 0.5, "f1-score": 0.4, "support": 6}, "accuracy": 0.23076923076923078, "macro avg": {"precision": 0.1111111111111111, "recall": 0.16666666666666666, "f1-score": 0.13333333333333333, "support": 13}, "weighted avg": {"precision": 0.15384615384615385, "recall": 0.23076923076923078, "f1-score": 0.18461538461538465, "support": 13}}, "10.1_TC": {"CORRECT": {"precision": 0.7272727272727273, "recall": 0.8888888888888888, "f1-score": 0.7999999999999999, "support": 9}, "INCORRECT": {"precision": 0.0, "recall": 0.0, "f1-score": 0.0, "support": 2}, "PARTIAL_CORRECT": {"precision": 0.0, "recall": 0.0, "f1-score": 0.0, "support": 1}, "accuracy": 0.6666666666666666, "macro avg": {"precision": 0.24242424242424243, "recall": 0.2962962962962963, "f1-score": 0.26666666666666666, "support": 12}, "weighted avg": {"precision": 0.5454545454545455, "recall": 0.6666666666666666, "f1-score": 0.6, "support": 12}}, "6.1_IPP": {"CORRECT": {"precision": 1.0, "recall": 1.0, "f1-score": 1.0, "support": 8}, "accuracy": 1.0, "macro avg": {"precision": 1.0, "recall": 1.0, "f1-score": 1.0, "support": 8}, "weighted avg": {"precision": 1.0, "recall": 1.0, "f1-score": 1.0, "support": 8}}, "12.1_PE": {"CORRECT": {"precision": 0.75, "recall": 0.5454545454545454, "f1-score": 0.631578947368421, "support": 11}, "PARTIAL_CORRECT": {"precision": 0.16666666666666666, "recall": 0.3333333333333333, "f1-score": 0.2222222222222222, "support": 3}, "accuracy": 0.5, "macro avg": {"precision": 0.4583333333333333, "recall": 0.43939393939393934, "f1-score": 0.4269005847953216, "support": 14}, "weighted avg": {"precision": 0.625, "recall": 0.5, "f1-score": 0.543859649122807, "support": 14}}, "11.2_SDN": {"accuracy": 0.0, "macro avg": {"precision": NaN, "recall": NaN, "f1-score": NaN, "support": 0.0}, "weighted avg": {"precision": 0.0, "recall": 0.0, "f1-score": 0.0, "support": 0.0}}, "4.3": {"CORRECT": {"precision": 0.6666666666666666, "recall": 0.9230769230769231, "f1-score": 0.7741935483870968, "support": 13}, "INCORRECT": {"precision": 1.0, "recall": 0.3333333333333333, "f1-score": 0.5, "support": 3}, "PARTIAL_CORRECT": {"precision": 0.0, "recall": 0.0, "f1-score": 0.0, "support": 4}, "accuracy": 0.65, "macro avg": {"precision": 0.5555555555555555, "recall": 0.4188034188034188, "f1-score": 0.42473118279569894, "support": 20}, "weighted avg": {"precision": 0.5833333333333333, "recall": 0.65, "f1-score": 0.5782258064516129, "support": 20}},