{"CORRECT": {"precision": 0.7689969604863222, "recall": 0.7376093294460642, "f1-score": 0.7529761904761906, "support": 343}, "PARTIAL_CORRECT": {"precision": 0.6153846153846154, "recall": 0.7489361702127659, "f1-score": 0.6756238003838771, "support": 235}, "INCORRECT": {"precision": 0.4838709677419355, "recall": 0.22058823529411764, "f1-score": 0.30303030303030304, "support": 68}, "accuracy": 0.6873065015479877, "macro avg": {"precision": 0.6227508478709577, "recall": 0.5690445783176492, "f1-score": 0.5772100979634569, "support": 646}, "weighted avg": {"precision": 0.683103046236292, "recall": 0.6873065015479877, "f1-score": 0.6774744381263237, "support": 646}}