{"6": {"CORRECT": {"precision": 1.0, "recall": 0.21428571428571427, "f1-score": 0.35294117647058826, "support": 14}, "INCORRECT": {"precision": 0.0, "recall": 0.0, "f1-score": 0.0, "support": 8}, "PARTIAL_CORRECT": {"precision": 0.6122448979591837, "recall": 1.0, "f1-score": 0.759493670886076, "support": 30}, "accuracy": 0.6346153846153846, "macro avg": {"precision": 0.5374149659863946, "recall": 0.4047619047619047, "f1-score": 0.37081161578555477, "support": 52}, "weighted avg": {"precision": 0.6224489795918368, "recall": 0.6346153846153846, "f1-score": 0.5331920499455868, "support": 52}}, "7": {"CORRECT": {"precision": 0.6, "recall": 0.6, "f1-score": 0.6, "support": 20}, "INCORRECT": {"precision": 0.2, "recall": 0.5, "f1-score": 0.28571428571428575, "support": 2}, "PARTIAL_CORRECT": {"precision": 0.4375, "recall": 0.3684210526315789, "f1-score": 0.39999999999999997, "support": 19}, "accuracy": 0.4878048780487805, "macro avg": {"precision": 0.41250000000000003, "recall": 0.48947368421052634, "f1-score": 0.42857142857142855, "support": 41}, "weighted avg": {"precision": 0.5051829268292682, "recall": 0.4878048780487805, "f1-score": 0.49198606271777, "support": 41}}, "4": {"CORRECT": {"precision": 0.775, "recall": 1.0, "f1-score": 0.8732394366197184, "support": 31}, "INCORRECT": {"precision": 1.0, "recall": 0.125, "f1-score": 0.2222222222222222, "support": 8}, "PARTIAL_CORRECT": {"precision": 0.0, "recall": 0.0, "f1-score": 0.0, "support": 2}, "accuracy": 0.7804878048780488, "macro avg": {"precision": 0.5916666666666667, "recall": 0.375, "f1-score": 0.3651538862806469, "support": 41}, "weighted avg": {"precision": 0.7810975609756099, "recall": 0.7804878048780488, "f1-score": 0.7036146417802206, "support": 41}}, "1": {"CORRECT": {"precision": 0.0, "recall": 0.0, "f1-score": 0.0, "support": 4}, "INCORRECT": {"precision": 0.2, "recall": 0.5, "f1-score": 0.28571428571428575, "support": 2}, "PARTIAL_CORRECT": {"precision": 0.8611111111111112, "recall": 0.8157894736842105, "f1-score": 0.8378378378378377, "support": 38}, "accuracy": 0.7272727272727273, "macro avg": {"precision": 0.3537037037037037, "recall": 0.4385964912280702, "f1-score": 0.3745173745173745, "support": 44}, "weighted avg": {"precision": 0.7527777777777778, "recall": 0.7272727272727273, "f1-score": 0.7365742365742364, "support": 44}}, "3": {"CORRECT": {"precision": 0.25, "recall": 0.18181818181818182, "f1-score": 0.2105263157894737, "support": 11}, "INCORRECT": {"precision": 0.5294117647058824, "recall": 0.5625, "f1-score": 0.5454545454545455, "support": 16}, "PARTIAL_CORRECT": {"precision": 0.4482758620689655, "recall": 0.48148148148148145, "f1-score": 0.4642857142857143, "support": 27}, "accuracy": 0.4444444444444444, "macro avg": {"precision": 0.40922920892494935, "recall": 0.4085998877665544, "f1-score": 0.4067555251765778, "support": 54}, "weighted avg": {"precision": 0.4319266020584479, "recall": 0.4444444444444444, "f1-score": 0.43664400901243006, "support": 54}}, "8": {"CORRECT": {"precision": 0.5945945945945946, "recall": 0.9565217391304348, "f1-score": 0.7333333333333334, "support": 23}, "INCORRECT": {"precision": 0.5, "recall": 0.09090909090909091, "f1-score": 0.15384615384615385, "support": 11}, "PARTIAL_CORRECT": {"precision": 0.0, "recall": 0.0, "f1-score": 0.0, "support": 5}, "accuracy": 0.5897435897435898, "macro avg": {"precision": 0.3648648648648649, "recall": 0.34914361001317523, "f1-score": 0.29572649572649573, "support": 39}, "weighted avg": {"precision": 0.49168399168399174, "recall": 0.5897435897435898, "f1-score": 0.47587113740959897, "support": 39}}}