{"5.12": {"CORRECT": {"precision": 1.0, "recall": 0.8333333333333334, "f1-score": 0.9090909090909091, "support": 12}, "PARTIAL_CORRECT": {"precision": 0.0, "recall": 0.0, "f1-score": 0.0, "support": 0}, "accuracy": 0.8333333333333334, "macro avg": {"precision": 0.5, "recall": 0.4166666666666667, "f1-score": 0.45454545454545453, "support": 12}, "weighted avg": {"precision": 1.0, "recall": 0.8333333333333334, "f1-score": 0.9090909090909091, "support": 12}}, "6": {"CORRECT": {"precision": 1.0, "recall": 0.07142857142857142, "f1-score": 0.13333333333333333, "support": 14}, "INCORRECT": {"precision": 0.0, "recall": 0.0, "f1-score": 0.0, "support": 8}, "PARTIAL_CORRECT": {"precision": 0.5882352941176471, "recall": 1.0, "f1-score": 0.7407407407407407, "support": 30}, "accuracy": 0.5961538461538461, "macro avg": {"precision": 0.5294117647058824, "recall": 0.35714285714285715, "f1-score": 0.291358024691358, "support": 52}, "weighted avg": {"precision": 0.6085972850678734, "recall": 0.5961538461538461, "f1-score": 0.46324786324786327, "support": 52}}, "7": {"CORRECT": {"precision": 0.5769230769230769, "recall": 0.75, "f1-score": 0.6521739130434783, "support": 20}, "INCORRECT": {"precision": 1.0, "recall": 0.5, "f1-score": 0.6666666666666666, "support": 2}, "PARTIAL_CORRECT": {"precision": 0.5714285714285714, "recall": 0.42105263157894735, "f1-score": 0.48484848484848486, "support": 19}, "accuracy": 0.5853658536585366, "macro avg": {"precision": 0.7161172161172161, "recall": 0.5570175438596491, "f1-score": 0.6012296881862099, "support": 41}, "weighted avg": {"precision": 0.5950147413562047, "recall": 0.5853658536585366, "f1-score": 0.5753398245444905, "support": 41}}, "5.11": {"CORRECT": {"precision": 0.9565217391304348, "recall": 1.0, "f1-score": 0.9777777777777777, "support": 22}, "PARTIAL_CORRECT": {"precision": 0.0, "recall": 0.0, "f1-score": 0.0, "support": 1}, "accuracy": 0.9565217391304348, "macro avg": {"precision": 0.4782608695652174, "recall": 0.5, "f1-score": 0.4888888888888889, "support": 23}, "weighted avg": {"precision": 0.9149338374291116, "recall": 0.9565217391304348, "f1-score": 0.9352657004830917, "support": 23}}, "4": {"CORRECT": {"precision": 0.7948717948717948, "recall": 1.0, "f1-score": 0.8857142857142858, "support": 31}, "INCORRECT": {"precision": 1.0, "recall": 0.25, "f1-score": 0.4, "support": 8}, "PARTIAL_CORRECT": {"precision": 0.0, "recall": 0.0, "f1-score": 0.0, "support": 2}, "accuracy": 0.8048780487804879, "macro avg": {"precision": 0.5982905982905983, "recall": 0.4166666666666667, "f1-score": 0.4285714285714286, "support": 41}, "weighted avg": {"precision": 0.7961225766103813, "recall": 0.8048780487804879, "f1-score": 0.7477351916376307, "support": 41}}, "4.3_LM": {"CORRECT": {"precision": 0.8888888888888888, "recall": 0.8888888888888888, "f1-score": 0.8888888888888888, "support": 9}, "PARTIAL_CORRECT": {"precision": 0.0, "recall": 0.0, "f1-score": 0.0, "support": 1}, "accuracy": 0.8, "macro avg": {"precision": 0.4444444444444444, "recall": 0.4444444444444444, "f1-score": 0.4444444444444444, "support": 10}, "weighted avg": {"precision": 0.8, "recall": 0.8, "f1-score": 0.8, "support": 10}}, "1": {"CORRECT": {"precision": 0.2, "recall": 0.25, "f1-score": 0.22222222222222224, "support": 4}, "INCORRECT": {"precision": 0.25, "recall": 0.5, "f1-score": 0.3333333333333333, "support": 2}, "PARTIAL_CORRECT": {"precision": 0.8857142857142857, "recall": 0.8157894736842105, "f1-score": 0.8493150684931505, "support": 38}, "accuracy": 0.75, "macro avg": {"precision": 0.4452380952380952, "recall": 0.5219298245614036, "f1-score": 0.4682902080162354, "support": 44}, "weighted avg": {"precision": 0.7944805194805195, "recall": 0.75, "f1-score": 0.768852912688529, "support": 44}}, "12.2_PE": {"CORRECT": {"precision": 0.42857142857142855, "recall": 0.75, "f1-score": 0.5454545454545454, "support": 4}, "INCORRECT": {"precision": 1.0, "recall": 0.5, "f1-score": 0.6666666666666666, "support": 4}, "PARTIAL_CORRECT": {"precision": 0.0, "recall": 0.0, "f1-score": 0.0, "support": 2}, "accuracy": 0.5, "macro avg": {"precision": 0.4761904761904762, "recall": 0.4166666666666667, "f1-score": 0.404040404040404, "support": 10}, "weighted avg": {"precision": 0.5714285714285714, "recall": 0.5, "f1-score": 0.48484848484848475, "support": 10}}, "3": {"CORRECT": {"precision": 1.0, "recall": 0.09090909090909091, "f1-score": 0.16666666666666669, "support": 11}, "INCORRECT": {"precision": 0.8571428571428571, "recall": 0.375, "f1-score": 0.5217391304347825, "support": 16}, "PARTIAL_CORRECT": {"precision": 0.5652173913043478, "recall": 0.9629629629629629, "f1-score": 0.7123287671232876, "support": 27}, "accuracy": 0.6111111111111112, "macro avg": {"precision": 0.8074534161490683, "recall": 0.47629068462401797, "f1-score": 0.4669115214082456, "support": 54}, "weighted avg": {"precision": 0.7402806533241316, "recall": 0.6111111111111112, "f1-score": 0.5447043728262707, "support": 54}}, "10.2_TC": {"CORRECT": {"precision": 0.0, "recall": 0.0, "f1-score": 0.0, "support": 2}, "PARTIAL_CORRECT": {"precision": 0.8, "recall": 0.8888888888888888, "f1-score": 0.8421052631578948, "support": 9}, "accuracy": 0.7272727272727273, "macro avg": {"precision": 0.4, "recall": 0.4444444444444444, "f1-score": 0.4210526315789474, "support": 11}, "weighted avg": {"precision": 0.6545454545454545, "recall": 0.7272727272727273, "f1-score": 0.6889952153110048, "support": 11}}, "2.1_DLL_v1.1": {"CORRECT": {"precision": 1.0, "recall": 0.8666666666666667, "f1-score": 0.9285714285714286, "support": 15}, "INCORRECT": {"precision": 0.0, "recall": 0.0, "f1-score": 0.0, "support": 0}, "PARTIAL_CORRECT": {"precision": 0.0, "recall": 0.0, "f1-score": 0.0, "support": 0}, "accuracy": 0.8666666666666667, "macro avg": {"precision": 0.3333333333333333, "recall": 0.2888888888888889, "f1-score": 0.30952380952380953, "support": 15}, "weighted avg": {"precision": 1.0, "recall": 0.8666666666666667, "f1-score": 0.9285714285714286, "support": 15}}, "8.3_MM": {"CORRECT": {"precision": 0.0, "recall": 0.0, "f1-score": 0.0, "support": 3}, "INCORRECT": {"precision": 0.0, "recall": 0.0, "f1-score": 0.0, "support": 0}, "PARTIAL_CORRECT": {"precision": 0.6666666666666666, "recall": 0.8571428571428571, "f1-score": 0.75, "support": 7}, "accuracy": 0.6, "macro avg": {"precision": 0.2222222222222222, "recall": 0.2857142857142857, "f1-score": 0.25, "support": 10}, "weighted avg": {"precision": 0.4666666666666666, "recall": 0.6, "f1-score": 0.525, "support": 10}}, "8.1_MM": {"CORRECT": {"precision": 0.5, "recall": 0.18181818181818182, "f1-score": 0.26666666666666666, "support": 11}, "INCORRECT": {"precision": 0.0, "recall": 0.0, "f1-score": 0.0, "support": 1}, "PARTIAL_CORRECT": {"precision": 0.16666666666666666, "recall": 0.5, "f1-score": 0.25, "support": 4}, "accuracy": 0.25, "macro avg": {"precision": 0.2222222222222222, "recall": 0.2272727272727273, "f1-score": 0.1722222222222222, "support": 16}, "weighted avg": {"precision": 0.3854166666666667, "recall": 0.25, "f1-score": 0.24583333333333332, "support": 16}}, "4.1_LM_v1.0": {"CORRECT": {"precision": 1.0, "recall": 1.0, "f1-score": 1.0, "support": 16}, "accuracy": 1.0, "macro avg": {"precision": 1.0, "recall": 1.0, "f1-score": 1.0, "support": 16}, "weighted avg": {"precision": 1.0, "recall": 1.0, "f1-score": 1.0, "support": 16}}, "6.3": {"CORRECT": {"precision": 0.4, "recall": 1.0, "f1-score": 0.5714285714285715, "support": 2}, "PARTIAL_CORRECT": {"precision": 1.0, "recall": 0.8636363636363636, "f1-score": 0.9268292682926829, "support": 22}, "accuracy": 0.875, "macro avg": {"precision": 0.7, "recall": 0.9318181818181819, "f1-score": 0.7491289198606272, "support": 24}, "weighted avg": {"precision": 0.9500000000000001, "recall": 0.875, "f1-score": 0.8972125435540069, "support": 24}}, "2.4": {"CORRECT": {"precision": 0.6923076923076923, "recall": 0.8181818181818182, "f1-score": 0.7500000000000001, "support": 11}, "PARTIAL_CORRECT": {"precision": 0.5, "recall": 0.3333333333333333,