{"CORRECT": {"precision": 0.7174887892376681, "recall": 0.7655502392344498, "f1-score": 0.7407407407407408, "support": 418}, "PARTIAL_CORRECT": {"precision": 0.6495176848874598, "recall": 0.6495176848874598, "f1-score": 0.6495176848874598, "support": 311}, "INCORRECT": {"precision": 0.4375, "recall": 0.27631578947368424, "f1-score": 0.3387096774193548, "support": 76}, "accuracy": 0.6745341614906832, "macro avg": {"precision": 0.6015021580417094, "recall": 0.5637945711985313, "f1-score": 0.5763227010158517, "support": 805}, "weighted avg": {"precision": 0.66479542099546, "recall": 0.6745341614906832, "f1-score": 0.6675423169111809, "support": 805}}