{"CORRECT": {"precision": 0.7634854771784232, "recall": 0.7666666666666667, "f1-score": 0.7650727650727651, "support": 240}, "PARTIAL_CORRECT": {"precision": 0.5546218487394958, "recall": 0.5789473684210527, "f1-score": 0.5665236051502146, "support": 114}, "INCORRECT": {"precision": 0.4666666666666667, "recall": 0.3333333333333333, "f1-score": 0.3888888888888889, "support": 21}, "accuracy": 0.6853333333333333, "macro avg": {"precision": 0.5949246641948619, "recall": 0.5596491228070175, "f1-score": 0.5734950863706229, "support": 375}, "weighted avg": {"precision": 0.6833690807443309, "recall": 0.6853333333333333, "f1-score": 0.6836475233900127, "support": 375}}