{"CORRECT": {"precision": 0.6306306306306306, "recall": 0.6796116504854369, "f1-score": 0.6542056074766356, "support": 103}, "PARTIAL_CORRECT": {"precision": 0.6230769230769231, "recall": 0.6694214876033058, "f1-score": 0.6454183266932271, "support": 121}, "INCORRECT": {"precision": 0.43333333333333335, "recall": 0.2765957446808511, "f1-score": 0.33766233766233766, "support": 47}, "accuracy": 0.6051660516605166, "macro avg": {"precision": 0.5623469623469624, "recall": 0.5418762942565313, "f1-score": 0.5457620906107334, "support": 271}, "weighted avg": {"precision": 0.593040329571695, "recall": 0.6051660516605166, "f1-score": 0.5953834869745527, "support": 271}}