{"0.0": {"precision": 0.6153846153846154, "recall": 0.1702127659574468, "f1-score": 0.26666666666666666, "support": 47}, "0.125": {"precision": 0.0, "recall": 0.0, "f1-score": 0.0, "support": 0}, "0.25": {"precision": 0.17857142857142858, "recall": 0.22727272727272727, "f1-score": 0.2, "support": 22}, "0.375": {"precision": 0.0, "recall": 0.0, "f1-score": 0.0, "support": 0}, "0.5": {"precision": 0.475, "recall": 0.27941176470588236, "f1-score": 0.35185185185185186, "support": 68}, "0.625": {"precision": 0.0, "recall": 0.0, "f1-score": 0.0, "support": 0}, "0.75": {"precision": 0.14285714285714285, "recall": 0.2903225806451613, "f1-score": 0.19148936170212766, "support": 31}, "0.875": {"precision": 0.0, "recall": 0.0, "f1-score": 0.0, "support": 0}, "1.0": {"precision": 0.7959183673469388, "recall": 0.3786407766990291, "f1-score": 0.513157894736842, "support": 103}, "accuracy": 0.2952029520295203, "macro avg": {"precision": 0.24530350601779174, "recall": 0.1495400683644719, "f1-score": 0.1692406416619431, "support": 271}, "weighted avg": {"precision": 0.5592612974795368, "recall": 0.2952029520295203, "f1-score": 0.3677147329517341, "support": 271}}