{"5.12": {"0.125": {"precision": 0.0, "recall": 0.0, "f1-score": 0.0, "support": 0}, "0.375": {"precision": 0.0, "recall": 0.0, "f1-score": 0.0, "support": 0}, "0.625": {"precision": 0.0, "recall": 0.0, "f1-score": 0.0, "support": 0}, "1.0": {"precision": 1.0, "recall": 0.6666666666666666, "f1-score": 0.8, "support": 12}, "accuracy": 0.6666666666666666, "macro avg": {"precision": 0.25, "recall": 0.16666666666666666, "f1-score": 0.2, "support": 12}, "weighted avg": {"precision": 1.0, "recall": 0.6666666666666666, "f1-score": 0.8000000000000002, "support": 12}}, "5.11": {"0.5": {"precision": 0.0, "recall": 0.0, "f1-score": 0.0, "support": 1}, "1.0": {"precision": 0.9565217391304348, "recall": 1.0, "f1-score": 0.9777777777777777, "support": 22}, "accuracy": 0.9565217391304348, "macro avg": {"precision": 0.4782608695652174, "recall": 0.5, "f1-score": 0.4888888888888889, "support": 23}, "weighted avg": {"precision": 0.9149338374291116, "recall": 0.9565217391304348, "f1-score": 0.9352657004830917, "support": 23}}, "4.3_LM": {"0.5": {"precision": 0.0, "recall": 0.0, "f1-score": 0.0, "support": 1}, "0.875": {"precision": 0.0, "recall": 0.0, "f1-score": 0.0, "support": 0}, "1.0": {"precision": 1.0, "recall": 0.5555555555555556, "f1-score": 0.7142857142857143, "support": 9}, "accuracy": 0.5, "macro avg": {"precision": 0.3333333333333333, "recall": 0.1851851851851852, "f1-score": 0.2380952380952381, "support": 10}, "weighted avg": {"precision": 0.9, "recall": 0.5, "f1-score": 0.6428571428571429, "support": 10}}, "11.4_SDN": {"accuracy": 0.0, "macro avg": {"precision": NaN, "recall": NaN, "f1-score": NaN, "support": 0.0}, "weighted avg": {"precision": 0.0, "recall": 0.0, "f1-score": 0.0, "support": 0.0}}, "12.2_PE": {"0.0": {"precision": 0.75, "recall": 0.75, "f1-score": 0.75, "support": 4}, "0.25": {"precision": 0.0, "recall": 0.0, "f1-score": 0.0, "support": 1}, "0.5": {"precision": 0.0, "recall": 0.0, "f1-score": 0.0, "support": 1}, "1.0": {"precision": 0.6, "recall": 0.75, "f1-score": 0.6666666666666665, "support": 4}, "accuracy": 0.6, "macro avg": {"precision": 0.3375, "recall": 0.375, "f1-score": 0.35416666666666663, "support": 10}, "weighted avg": {"precision": 0.54, "recall": 0.6, "f1-score": 0.5666666666666667, "support": 10}}, "10.2_TC": {"0.25": {"precision": 0.0, "recall": 0.0, "f1-score": 0.0, "support": 1}, "0.375": {"precision": 0.0, "recall": 0.0, "f1-score": 0.0, "support": 1}, "0.5": {"precision": 0.0, "recall": 0.0, "f1-score": 0.0, "support": 1}, "0.625": {"precision": 0.0, "recall": 0.0, "f1-score": 0.0, "support": 1}, "0.75": {"precision": 0.5, "recall": 0.2, "f1-score": 0.28571428571428575, "support": 5}, "0.875": {"precision": 0.0, "recall": 0.0, "f1-score": 0.0, "support": 0}, "1.0": {"precision": 0.0, "recall": 0.0, "f1-score": 0.0, "support": 2}, "accuracy": 0.09090909090909091, "macro avg": {"precision": 0.07142857142857142, "recall": 0.028571428571428574, "f1-score": 0.04081632653061225, "support": 11}, "weighted avg": {"precision": 0.22727272727272727, "recall": 0.09090909090909091, "f1-score": 0.12987012987012989, "support": 11}}, "2.1_DLL_v1.1": {"0.0": {"precision": 0.0, "recall": 0.0, "f1-score": 0.0, "support": 0}, "0.75": {"precision": 0.0, "recall": 0.0, "f1-score": 0.0, "support": 0}, "1.0": {"precision": 1.0, "recall": 0.6666666666666666, "f1-score": 0.8, "support": 15}, "accuracy": 0.6666666666666666, "macro avg": {"precision": 0.3333333333333333, "recall": 0.2222222222222222, "f1-score": 0.26666666666666666, "support": 15}, "weighted avg": {"precision": 1.0, "recall": 0.6666666666666666, "f1-score": 0.8, "support": 15}}, "8.3_MM": {"0.0": {"precision": 0.0, "recall": 0.0, "f1-score": 0.0, "support": 0.0}, "0.25": {"precision": 0.0, "recall": 0.0, "f1-score": 0.0, "support": 2.0}, "0.5": {"precision": 0.0, "recall": 0.0, "f1-score": 0.0, "support": 5.0}, "0.625": {"precision": 0.0, "recall": 0.0, "f1-score": 0.0, "support": 0.0}, "0.875": {"precision": 0.0, "recall": 0.0, "f1-score": 0.0, "support": 0.0}, "1.0": {"precision": 0.0, "recall": 0.0, "f1-score": 0.0, "support": 3.0}, "accuracy": 0.0, "macro avg": {"precision": 0.0, "recall": 0.0, "f1-score": 0.0, "support": 10.0}, "weighted avg": {"precision": 0.0, "recall": 0.0, "f1-score": 0.0, "support": 10.0}}, "8.1_MM": {"0.0": {"precision": 0.0, "recall": 0.0, "f1-score": 0.0, "support": 1}, "0.25": {"precision": 0.0, "recall": 0.0, "f1-score": 0.0, "support": 1}, "0.5": {"precision": 0.0, "recall": 0.0, "f1-score": 0.0, "support": 0}, "0.75": {"precision": 0.0, "recall": 0.0, "f1-score": 0.0, "support": 1}, "0.875": {"precision": 0.0, "recall": 0.0, "f1-score": 0.0, "support": 2}, "1.0": {"precision": 0.6666666666666666, "recall": 0.36363636363636365, "f1-score": 0.4705882352941177, "support": 11}, "accuracy": 0.25, "macro avg": {"precision": 0.1111111111111111, "recall": 0.06060606060606061, "f1-score": 0.07843137254901962, "support": 16}, "weighted avg": {"precision": 0.4583333333333333, "recall": 0.25, "f1-score": 0.3235294117647059, "support": 16}}, "4.1_LM_v1.0": {"0.875": {"precision": 0.0, "recall": 0.0, "f1-score": 0.0, "support": 0}, "1.0": {"precision": 1.0, "recall": 0.3125, "f1-score": 0.47619047619047616, "support": 16}, "accuracy": 0.3125, "macro avg": {"precision": 0.5, "recall": 0.15625, "f1-score": 0.23809523809523808, "support": 16}, "weighted avg": {"precision": 1.0, "recall": 0.3125, "f1-score": 0.47619047619047616, "support": 16}}, "6.3": {"0.25": {"precision": 0.0, "recall": 0.0, "f1-score": 0.0, "support": 1}, "0.375": {"precision": 0.0, "recall": 0.0, "f1-score": 0.0, "support": 0}, "0.5": {"precision": 0.0, "recall": 0.0, "f1-score": 0.0, "support": 0}, "0.625": {"precision": 0.0, "recall": 0.0, "f1-score": 0.0, "support": 2}, "0.75": {"precision": 0.23076923076923078, "recall": 0.6, "f1-score": 0.33333333333333337, "support": 5}, "0.875": {"precision": 0.375, "recall": 0.21428571428571427, "f1-score": 0.2727272727272727, "support": 14}, "1.0": {"precision": 0.0, "recall": 0.0, "f1-score": 0.0, "support": 2}, "accuracy": 0.25, "macro avg": {"precision": 0.08653846153846155, "recall": 0.11632653061224489, "f1-score": 0.08658008658008658, "support": 24}, "weighted avg": {"precision": 0.2668269230769231, "recall": 0.25, "f1-score": 0.2285353535353535, "support": 24}}, "2.4": {"0.375": {"precision": 0.0, "recall": 0.0, "f1-score": 0.0, "support": 1}, "0.75": {"precision": 0.0, "recall": 0.0, "f1-score": 0.0, "support": 2}, "0.875": {"precision": 1.0, "recall": 0.3333333333333333, "f1-score": 0.5, "support": 3}, "1.0": {"precision": 0.6666666666666666, "recall": 0.9090909090909091, "f1-score": 0.7692307692307692, "support": 11}, "accuracy": 0.6470588235294118, "macro avg": {"precision": 0.41666666666666663, "recall": 0.3106060606060606, "f1-score": 0.3173076923076923, "support": 17}, "weighted avg": {"precision": 0.6078431372549019, "recall": 0.6470588235294118, "f1-score": 0.585972850678733, "support": 17}}, "4.13": {"0.0": {"precision": 0.0, "recall": 0.0, "f1-score": 0.0, "support": 1}, "0.5": {"precision": 0.0, "recall": 0.0, "f1-score": 0.0, "support": 2}, "0.625": {"precision": 0.0, "recall": 0.0, "f1-score": 0.0, "support": 0}, "0.75": {"precision": 0.3333333333333333, "recall": 0.75, "f1-score": 0.46153846153846156, "support": 4}, "1.0": {"precision": 0.0, "recall": 0.0, "f1-score": 0.0, "support": 6}, "accuracy": 0.23076923076923078, "macro avg": {"precision": 0.06666666666666667, "recall": 0.15, "f1-score": 0.09230769230769231, "support": 13}, "weighted avg": {"precision": 0.10256410256410256, "recall": 0.23076923076923078, "f1-score": 0.14201183431952663, "support": 13}}, "10.1_TC": {"0.0": {"precision": 0.0, "recall": 0.0, "f1-score": 0.0, "support": 2}, "0.125": {"precision": 0.0, "recall": 0.0, "f1-score": 0.0, "support": 0}, "0.5": {"precision": 0.0, "recall": 0.0, "f1-score": 0.0, "support": 0}, "0.75": {"precision": 0.0, "recall": 0.0, "f1-score": 0.0, "support": 0}, "0.875": {"precision": 0.0, "recall": 0.0, "f1-score": 0.0,