{"0.0": {"precision": 0.6842105263157895, "recall": 0.19117647058823528, "f1-score": 0.29885057471264365, "support": 68}, "0.125": {"precision": 0.0, "recall": 0.0, "f1-score": 0.0, "support": 0}, "0.25": {"precision": 0.2608695652173913, "recall": 0.2, "f1-score": 0.22641509433962265, "support": 30}, "0.375": {"precision": 0.05714285714285714, "recall": 0.2857142857142857, "f1-score": 0.09523809523809522, "support": 7}, "0.5": {"precision": 0.2708333333333333, "recall": 0.1326530612244898, "f1-score": 0.17808219178082194, "support": 98}, "0.625": {"precision": 0.0, "recall": 0.0, "f1-score": 0.0, "support": 6}, "0.75": {"precision": 0.22916666666666666, "recall": 0.3013698630136986, "f1-score": 0.2603550295857988, "support": 73}, "0.875": {"precision": 0.09230769230769231, "recall": 0.2857142857142857, "f1-score": 0.13953488372093023, "support": 21}, "1.0": {"precision": 0.849802371541502, "recall": 0.6268221574344023, "f1-score": 0.7214765100671141, "support": 343}, "accuracy": 0.42879256965944273, "macro avg": {"precision": 0.271592556947248, "recall": 0.22482779152104415, "f1-score": 0.2133280421605585, "support": 646}, "weighted avg": {"precision": 0.6059503267128877, "recall": 0.42879256965944273, "f1-score": 0.4870520217380165, "support": 646}}