{"0.0": {"precision": 0.5, "recall": 0.23809523809523808, "f1-score": 0.3225806451612903, "support": 21}, "0.125": {"precision": 0.0, "recall": 0.0, "f1-score": 0.0, "support": 0}, "0.25": {"precision": 0.1, "recall": 0.125, "f1-score": 0.11111111111111112, "support": 8}, "0.375": {"precision": 0.3, "recall": 0.42857142857142855, "f1-score": 0.3529411764705882, "support": 7}, "0.5": {"precision": 0.10526315789473684, "recall": 0.06666666666666667, "f1-score": 0.0816326530612245, "support": 30}, "0.625": {"precision": 0.0, "recall": 0.0, "f1-score": 0.0, "support": 6}, "0.75": {"precision": 0.16393442622950818, "recall": 0.23809523809523808, "f1-score": 0.19417475728155337, "support": 42}, "0.875": {"precision": 0.09433962264150944, "recall": 0.23809523809523808, "f1-score": 0.13513513513513511, "support": 21}, "1.0": {"precision": 0.8323699421965318, "recall": 0.6, "f1-score": 0.6973365617433414, "support": 240}, "accuracy": 0.4533333333333333, "macro avg": {"precision": 0.23287857210692073, "recall": 0.21494708994708997, "f1-score": 0.21054578221824932, "support": 375}, "weighted avg": {"precision": 0.600514823576322, "recall": 0.4533333333333333, "f1-score": 0.5091642739372583, "support": 375}}