{"0.0": {"precision": 0.5, "recall": 0.19736842105263158, "f1-score": 0.2830188679245283, "support": 76}, "0.125": {"precision": 0.0, "recall": 0.0, "f1-score": 0.0, "support": 0}, "0.25": {"precision": 0.2222222222222222, "recall": 0.18181818181818182, "f1-score": 0.19999999999999998, "support": 44}, "0.375": {"precision": 0.06382978723404255, "recall": 0.42857142857142855, "f1-score": 0.1111111111111111, "support": 7}, "0.5": {"precision": 0.4927536231884058, "recall": 0.27419354838709675, "f1-score": 0.3523316062176166, "support": 124}, "0.625": {"precision": 0.0, "recall": 0.0, "f1-score": 0.0, "support": 6}, "0.75": {"precision": 0.19444444444444445, "recall": 0.25925925925925924, "f1-score": 0.2222222222222222, "support": 108}, "0.875": {"precision": 0.09243697478991597, "recall": 0.4782608695652174, "f1-score": 0.15492957746478875, "support": 23}, "1.0": {"precision": 0.8120567375886525, "recall": 0.5491606714628298, "f1-score": 0.6552217453505007, "support": 417}, "accuracy": 0.4074534161490683, "macro avg": {"precision": 0.26419375438529813, "recall": 0.2631813755685161, "f1-score": 0.2198705700323075, "support": 805}, "weighted avg": {"precision": 0.5851922305073473, "recall": 0.4074534161490683, "f1-score": 0.46654307950791973, "support": 805}}