{"6": {"0.0": {"precision": 0.0, "recall": 0.0, "f1-score": 0.0, "support": 8}, "0.25": {"precision": 0.0, "recall": 0.0, "f1-score": 0.0, "support": 3}, "0.5": {"precision": 0.5454545454545454, "recall": 0.75, "f1-score": 0.631578947368421, "support": 24}, "0.625": {"precision": 0.0, "recall": 0.0, "f1-score": 0.0, "support": 0}, "0.75": {"precision": 0.0, "recall": 0.0, "f1-score": 0.0, "support": 3}, "0.875": {"precision": 0.0, "recall": 0.0, "f1-score": 0.0, "support": 0}, "1.0": {"precision": 0.0, "recall": 0.0, "f1-score": 0.0, "support": 14}, "accuracy": 0.34615384615384615, "macro avg": {"precision": 0.07792207792207792, "recall": 0.10714285714285714, "f1-score": 0.09022556390977443, "support": 52}, "weighted avg": {"precision": 0.2517482517482517, "recall": 0.34615384615384615, "f1-score": 0.291497975708502, "support": 52}}, "7": {"0.0": {"precision": 1.0, "recall": 0.5, "f1-score": 0.6666666666666666, "support": 2}, "0.25": {"precision": 0.0, "recall": 0.0, "f1-score": 0.0, "support": 1}, "0.5": {"precision": 0.25, "recall": 0.125, "f1-score": 0.16666666666666666, "support": 8}, "0.75": {"precision": 0.3, "recall": 0.3, "f1-score": 0.3, "support": 10}, "0.875": {"precision": 0.0, "recall": 0.0, "f1-score": 0.0, "support": 0}, "1.0": {"precision": 0.6923076923076923, "recall": 0.45, "f1-score": 0.5454545454545455, "support": 20}, "accuracy": 0.34146341463414637, "macro avg": {"precision": 0.3737179487179487, "recall": 0.22916666666666666, "f1-score": 0.27979797979797977, "support": 41}, "weighted avg": {"precision": 0.5084427767354597, "recall": 0.34146341463414637, "f1-score": 0.40428677014042874, "support": 41}}, "4": {"0.0": {"precision": 0.0, "recall": 0.0, "f1-score": 0.0, "support": 8}, "0.25": {"precision": 0.0, "recall": 0.0, "f1-score": 0.0, "support": 0}, "0.5": {"precision": 0.0, "recall": 0.0, "f1-score": 0.0, "support": 2}, "0.75": {"precision": 0.0, "recall": 0.0, "f1-score": 0.0, "support": 0}, "1.0": {"precision": 0.8275862068965517, "recall": 0.7741935483870968, "f1-score": 0.7999999999999999, "support": 31}, "accuracy": 0.5853658536585366, "macro avg": {"precision": 0.16551724137931034, "recall": 0.15483870967741936, "f1-score": 0.15999999999999998, "support": 41}, "weighted avg": {"precision": 0.6257359125315392, "recall": 0.5853658536585366, "f1-score": 0.6048780487804878, "support": 41}}, "1": {"0.0": {"precision": 0.0, "recall": 0.0, "f1-score": 0.0, "support": 2}, "0.125": {"precision": 0.0, "recall": 0.0, "f1-score": 0.0, "support": 0}, "0.25": {"precision": 0.75, "recall": 0.3, "f1-score": 0.4285714285714285, "support": 10}, "0.375": {"precision": 0.0, "recall": 0.0, "f1-score": 0.0, "support": 0}, "0.5": {"precision": 0.0, "recall": 0.0, "f1-score": 0.0, "support": 18}, "0.625": {"precision": 0.0, "recall": 0.0, "f1-score": 0.0, "support": 0}, "0.75": {"precision": 0.75, "recall": 0.3, "f1-score": 0.4285714285714285, "support": 10}, "0.875": {"precision": 0.0, "recall": 0.0, "f1-score": 0.0, "support": 0}, "1.0": {"precision": 0.0, "recall": 0.0, "f1-score": 0.0, "support": 4}, "accuracy": 0.13636363636363635, "macro avg": {"precision": 0.16666666666666666, "recall": 0.06666666666666667, "f1-score": 0.09523809523809522, "support": 44}, "weighted avg": {"precision": 0.3409090909090909, "recall": 0.13636363636363635, "f1-score": 0.19480519480519476, "support": 44}}, "3": {"0.0": {"precision": 0.5833333333333334, "recall": 0.4375, "f1-score": 0.5, "support": 16}, "0.25": {"precision": 0.13333333333333333, "recall": 0.2857142857142857, "f1-score": 0.18181818181818182, "support": 7}, "0.5": {"precision": 0.0, "recall": 0.0, "f1-score": 0.0, "support": 13}, "0.625": {"precision": 0.0, "recall": 0.0, "f1-score": 0.0, "support": 0}, "0.75": {"precision": 0.18181818181818182, "recall": 0.2857142857142857, "f1-score": 0.2222222222222222, "support": 7}, "0.875": {"precision": 0.0, "recall": 0.0, "f1-score": 0.0, "support": 0}, "1.0": {"precision": 0.0, "recall": 0.0, "f1-score": 0.0, "support": 11}, "accuracy": 0.2037037037037037, "macro avg": {"precision": 0.12835497835497836, "recall": 0.1441326530612245, "f1-score": 0.12914862914862915, "support": 54}, "weighted avg": {"precision": 0.21369248035914706, "recall": 0.2037037037037037, "f1-score": 0.20052375607931164, "support": 54}}, "8": {"0.0": {"precision": 0.0, "recall": 0.0, "f1-score": 0.0, "support": 11}, "0.25": {"precision": 0.0, "recall": 0.0, "f1-score": 0.0, "support": 1}, "0.375": {"precision": 0.0, "recall": 0.0, "f1-score": 0.0, "support": 0}, "0.5": {"precision": 0.0, "recall": 0.0, "f1-score": 0.0, "support": 3}, "0.75": {"precision": 0.037037037037037035, "recall": 1.0, "f1-score": 0.07142857142857142, "support": 1}, "0.875": {"precision": 0.0, "recall": 0.0, "f1-score": 0.0, "support": 0}, "1.0": {"precision": 1.0, "recall": 0.2608695652173913, "f1-score": 0.41379310344827586, "support": 23}, "accuracy": 0.1794871794871795, "macro avg": {"precision": 0.14814814814814814, "recall": 0.18012422360248448, "f1-score": 0.06931738212526391, "support": 39}, "weighted avg": {"precision": 0.5906932573599241, "recall": 0.1794871794871795, "f1-score": 0.24586333207022862, "support": 39}}}